INSERT INTO `BANK_ACCOUNT_STATUS` (`BANK_ACCOUNT_STATUS_CODE`, `BANK_ACCOUNT_STATUS_DESCRIPTION`, `BANK_ACCOUNT_STATUS_NAME`, `CREATED_BY`, `CREATED_DATE`, `DEFAULT_FLAG`, `DELETE_FLAG`, `LAST_UPDATED_BY`, `LAST_UPDATE_DATE`, `ORDER_SEQUENCE`, `VERSION_NUMBER`) VALUES
(1, 'Active', 'ACTIVE', 1, '2017-06-21 07:54:05', 'Y', b'0', NULL, NULL, 1, 1),
(2, 'Inactive', 'INACTIVE', 1, '2017-06-21 07:54:05', 'N', b'0', NULL, NULL, 2, 1);
INSERT INTO `BANK_ACCOUNT_TYPE` (`ID`, `CREATED_BY`, `CREATED_DATE`, `DEFAULT_FLAG`, `DELETE_FLAG`, `LAST_UPDATED_BY`, `LAST_UPDATE_DATE`, `NAME`, `ORDER_SEQUENCE`, `VERSION_NUMBER`) VALUES
(1, 1, '2017-06-21 07:54:05', 'Y', b'0', NULL, NULL, 'saving', 1, 0),
(2, 1, '2017-06-21 07:54:05', 'N', b'0', NULL, NULL, 'current', 2, 0);
INSERT INTO `BANK_FEED_STATUS` (`BANK_FEED_STATUS_CODE`, `BANK_FEED_STATUS_DESCRIPTION`, `BANK_FEED_STATUS_NAME`, `CREATED_BY`, `CREATED_DATE`, `DEFAULT_FLAG`, `DELETE_FLAG`, `LAST_UPDATED_BY`, `LAST_UPDATE_DATE`, `ORDER_SEQUENCE`, `VERSION_NUMBER`) VALUES
(1, 'Active', 'ACTIVE', 1, '2017-06-21 07:54:15', 'Y', b'0', NULL, NULL, 1, 1),
(2, 'Inactive', 'INACTIVE', 1, '2017-06-21 07:54:16', 'N', b'0', NULL, NULL, 2, 1);
INSERT INTO `COMPANY_TYPE` (`COMPANY_TYPE_CODE`, `COMPANY_TYPE_DESCRIPTION`, `COMPANY_TYPE_NAME`, `CREATED_BY`, `CREATED_DATE`, `DEFAULT_FLAG`, `DELETE_FLAG`, `LAST_UPDATED_BY`, `LAST_UPDATE_DATE`, `ORDER_SEQUENCE`, `VERSION_NUMBER`) VALUES
(1, 'Limited Liability Company', 'LTD', 1, '2017-06-21 07:55:23', 'Y', b'0', NULL, NULL, 1, 1),
(2, 'Free Zone Company', 'FTZ-R', 1, '2017-06-21 07:55:23', 'N', b'0', NULL, NULL, 2, 1),
(3, 'Free Zone Establishment', 'FTZ-E', 1, '2017-06-21 07:55:23', 'N', b'0', NULL, NULL, 3, 1);
INSERT INTO `CURRENCY` (`CURRENCY_CODE`, `CREATED_BY`, `CREATED_DATE`, `CURRENCY_DESCRIPTION`, `CURRENCY_ISO_CODE`, `CURRENCY_NAME`, `CURRENCY_SYMBOL`, `DEFAULT_FLAG`, `DELETE_FLAG`, `LAST_UPDATED_BY`, `LAST_UPDATE_DATE`, `ORDER_SEQUENCE`, `VERSION_NUMBER`) VALUES
(1, 1, '2017-04-01 11:32:29', 'Afghanistan Afghani', 'AFN', 'Afghani', '؋', 'N', b'0', NULL, NULL, 2, 1),
(2, 1, '2017-04-01 11:32:29', 'Algeria Dinar', 'DZD', 'Algeria Dinar', 'د.ج', 'N', b'0', NULL, NULL, 3, 1),
(3, 1, '2017-04-01 11:32:30', 'Argentina Peso', 'ARS', 'Argentine Peso', '$', 'N', b'0', NULL, NULL, 4, 1),
(4, 1, '2017-04-01 11:32:30', 'Armenia Dram', 'AMD', 'Armenian Dram', 'Դ', 'N', b'0', NULL, NULL, 5, 1),
(5, 1, '2017-04-01 11:32:30', 'Aruba Guilder', 'AWG', 'Aruban Florin', 'ƒ', 'N', b'0', NULL, NULL, 6, 1),
(6, 1, '2017-04-01 11:32:30', 'Australia Dollar', 'AUD', 'Australian Dollar', '$', 'N', b'0', NULL, NULL, 7, 1),
(7, 1, '2017-04-01 11:32:31', 'Azerbaijan New Manat', 'AZN', 'Azerbaijanian Manat', 'ман', 'N', b'0', NULL, NULL, 8, 1),
(8, 1, '2017-04-01 11:32:31', 'Bahamas Dollar', 'BSD', 'Bahamian Dollar', '$', 'N', b'0', NULL, NULL, 9, 1),
(9, 1, '2017-04-01 11:32:31', 'Bahrain Dinar', 'BHD', 'Bahraini Dinar', 'د.ب', 'N', b'0', NULL, NULL, 10, 1),
(10, 1, '2017-04-01 11:32:31', 'Thailand Baht', 'THB', 'Baht', '฿', 'N', b'0', NULL, NULL, 11, 1),
(11, 1, '2017-04-01 11:32:32', 'Panama Balboa', 'PAB', 'Balboa', 'B/.', 'N', b'0', NULL, NULL, 12, 1),
(12, 1, '2017-04-01 11:32:32', 'Barbados Dollar', 'BBD', 'Barbados Dollar', '$', 'N', b'0', NULL, NULL, 13, 1),
(13, 1, '2017-04-01 11:32:32', 'Belarus Ruble', 'BYN', 'Belarusian Ruble', 'Br', 'N', b'0', NULL, NULL, 14, 1),
(14, 1, '2017-04-01 11:32:33', 'Belize Dollar', 'BZD', 'Belize Dollar', 'BZ$', 'N', b'0', NULL, NULL, 15, 1),
(15, 1, '2017-04-01 11:32:33', 'Bermuda Dollar', 'BMD', 'Bermudian Dollar', '$', 'N', b'0', NULL, NULL, 16, 1),
(16, 1, '2017-04-01 11:32:33', 'Venezuela Bolivar', 'VEF', 'Bolívar', 'Bs', 'N', b'0', NULL, NULL, 17, 1),
(17, 1, '2017-04-01 11:32:33', 'Bolivia Bolíviano', 'BOB', 'Boliviano', '$b', 'N', b'0', NULL, NULL, 18, 1),
(18, 1, '2017-04-01 11:32:34', 'Brazil Real', 'BRL', 'Brazilian Real', 'R$', 'N', b'0', NULL, NULL, 19, 1),
(19, 1, '2017-04-01 11:32:34', 'Brunei Darussalam Dollar', 'BND', 'Brunei Dollar', '$', 'N', b'0', NULL, NULL, 20, 1),
(20, 1, '2017-04-01 11:32:34', 'Bulgaria Lev', 'BGN', 'Bulgarian Lev', 'лв', 'N', b'0', NULL, NULL, 21, 1),
(21, 1, '2017-04-01 11:32:35', 'Burundi Franc', 'BIF', 'Burundi Franc', 'Fbu', 'N', b'0', NULL, NULL, 22, 1),
(22, 1, '2017-04-01 11:32:35', 'Cape Verde Escudo', 'CVE', 'Cabo Verde Escudo', 'Esc', 'N', b'0', NULL, NULL, 23, 1),
(23, 1, '2017-04-01 11:32:35', 'Canada Dollar', 'CAD', 'Canadian Dollar', '$', 'N', b'0', NULL, NULL, 24, 1),
(24, 1, '2017-04-01 11:32:35', 'Cayman Islands Dollar', 'KYD', 'Cayman Islands Dollar', '$', 'N', b'0', NULL, NULL, 25, 1),
(25, 1, '2017-04-01 11:32:36', 'Communauté Financière Africaine (BCEAO) Franc', 'XOF', 'CFA Franc BCEAO', 'Fr', 'N', b'0', NULL, NULL, 26, 1),
(26, 1, '2017-04-01 11:32:36', 'Communauté Financière Africaine (BEAC) CFA Franc BEAC', 'XAF', 'CFA Franc BEAC', 'Fr', 'N', b'0', NULL, NULL, 27, 1),
(27, 1, '2017-04-01 11:32:36', 'Comptoirs Français du Pacifique (CFP) Franc', 'XPF', 'CFP Franc', 'Fr', 'N', b'0', NULL, NULL, 28, 1),
(28, 1, '2017-04-01 11:32:37', 'Chile Peso', 'CLP', 'Chilean Peso', '$', 'N', b'0', NULL, NULL, 29, 1),
(29, 1, '2017-04-01 11:32:37', 'Colombia Peso', 'COP', 'Colombian Peso', '$', 'N', b'0', NULL, NULL, 30, 1),
(30, 1, '2017-04-01 11:32:37', 'Comoros Franc', 'KMF', 'Comoro Franc', 'Fr', 'N', b'0', NULL, NULL, 31, 1),
(31, 1, '2017-04-01 11:32:37', 'Congo/Kinshasa Franc', 'CDF', 'Congolese Franc', 'Fr', 'N', b'0', NULL, NULL, 32, 1),
(32, 1, '2017-04-01 11:32:38', 'Bosnia AND Herzegovina Convertible Marka', 'BAM', 'Convertible Mark', 'KM', 'N', b'0', NULL, NULL, 33, 1),
(33, 1, '2017-04-01 11:32:38', 'Nicaragua Cordoba', 'NIO', 'Cordoba Oro', 'C$', 'N', b'0', NULL, NULL, 34, 1),
(34, 1, '2017-04-01 11:32:38', 'Costa Rica Colon', 'CRC', 'Costa Rican Colon', '₡', 'N', b'0', NULL, NULL, 35, 1),
(35, 1, '2017-04-01 11:32:38', 'Cuba Peso', 'CUP', 'Cuban Peso', '₱', 'N', b'0', NULL, NULL, 36, 1),
(36, 1, '2017-04-01 11:32:39', 'Czech Republic Koruna', 'CZK', 'Czech Koruna', 'Kč', 'N', b'0', NULL, NULL, 37, 1),
(37, 1, '2017-04-01 11:32:39', 'Gambia Dalasi', 'GMD', 'Dalasi', 'D', 'N', b'0', NULL, NULL, 38, 1),
(38, 1, '2017-04-01 11:32:39', 'Denmark Krone', 'DKK', 'Danish Krone', 'kr', 'N', b'0', NULL, NULL, 39, 1),
(39, 1, '2017-04-01 11:32:40', 'Macedonia Denar', 'MKD', 'Denar', 'ден', 'N', b'0', NULL, NULL, 40, 1),
(40, 1, '2017-04-01 11:32:40', 'Djibouti Franc', 'DJF', 'Djibouti Franc', 'Fr', 'N', b'0', NULL, NULL, 41, 1),
(41, 1, '2017-04-01 11:32:40', 'São Tomé AND Príncipe Dobra', 'STD', 'Dobra', 'Db', 'N', b'0', NULL, NULL, 42, 1),
(42, 1, '2017-04-01 11:32:40', 'Dominican Republic Peso', 'DOP', 'Dominican Peso', 'RD$', 'N', b'0', NULL, NULL, 43, 1),
(43, 1, '2017-04-01 11:32:41', 'Viet Nam Dong', 'VND', 'Dong', '₫', 'N', b'0', NULL, NULL, 44, 1),
(44, 1, '2017-04-01 11:32:41', 'East Caribbean Dollar', 'XCD', 'East Caribbean Dollar', '$', 'N', b'0', NULL, NULL, 45, 1),
(45, 1, '2017-04-01 11:32:41', 'Egypt Pound', 'EGP', 'Egyptian Pound', '£', 'N', b'0', NULL, NULL, 46, 1),
(46, 1, '2017-04-01 11:32:42', 'El Salvador Colon', 'SVC', 'El Salvador Colon', '$', 'N', b'0', NULL, NULL, 47, 1),
(47, 1, '2017-04-01 11:32:42', 'Ethiopia Birr', 'ETB', 'Ethiopian Birr', 'Br', 'N', b'0', NULL, NULL, 48, 1),
(48, 1, '2017-04-01 11:32:42', 'Euro Member Countries', 'EUR', 'Euro', '€', 'N', b'0', NULL, NULL, 49, 1),
(49, 1, '2017-04-01 11:32:42', 'Falkland Islands (Malvinas) Pound', 'FKP', 'Falkland Islands Pound', '£', 'N', b'0', NULL, NULL, 50, 1),
(50, 1, '2017-04-01 11:32:43', 'Fiji Dollar', 'FJD', 'Fiji Dollar', '$', 'N', b'0', NULL, NULL, 51, 1),
(51, 1, '2017-04-01 11:32:43', 'Hungary Forint', 'HUF', 'Forint', 'Ft', 'N', b'0', NULL, NULL, 52, 1),
(52, 1, '2017-04-01 11:32:43', 'Ghana Cedi', 'GHS', 'Ghana Cedi', '¢', 'N', b'0', NULL, NULL, 53, 1),
(53, 1, '2017-04-01 11:32:44', 'Gibraltar Pound', 'GIP', 'Gibraltar Pound', '£', 'N', b'0', NULL, NULL, 54, 1),
(54, 1, '2017-04-01 11:32:44', 'Haiti Gourde', 'HTG', 'Gourde', 'G', 'N', b'0', NULL, NULL, 55, 1),
(55, 1, '2017-04-01 11:32:44', 'Paraguay Guarani', 'PYG', 'Guarani', 'Gs', 'N', b'0', NULL, NULL, 56, 1),
(56, 1, '2017-04-01 11:32:44', 'Guernsey Pound', 'GGP', 'Guernsey Pound', '£', 'N', b'0', NULL, NULL, 57, 1),
(57, 1, '2017-04-01 11:32:45', 'Guinea Franc', 'GNF', 'Guinea Franc', 'Fr', 'N', b'0', NULL, NULL, 58, 1),
(58, 1, '2017-04-01 11:32:45', 'Guyana Dollar', 'GYD', 'Guyana Dollar', '$', 'N', b'0', NULL, NULL, 59, 1),
(59, 1, '2017-04-01 11:32:45', 'Hong Kong Dollar', 'HKD', 'Hong Kong Dollar', '$', 'N', b'0', NULL, NULL, 60, 1),
(60, 1, '2017-04-01 11:32:45', 'Ukraine Hryvnia', 'UAH', 'Hryvnia', '₴', 'N', b'0', NULL, NULL, 61, 1),
(61, 1, '2017-04-01 11:32:46', 'Iceland Krona', 'ISK', 'Iceland Krona', 'kr', 'N', b'0', NULL, NULL, 62, 1),
(62, 1, '2017-04-01 11:32:46', 'India Rupee', 'INR', 'Indian Rupee', '₹', 'N', b'0', NULL, NULL, 63, 1),
(63, 1, '2017-04-01 11:32:46', 'Iran Rial', 'IRR', 'Iranian Rial', '﷼', 'N', b'0', NULL, NULL, 64, 1),
(64, 1, '2017-04-01 11:32:47', 'Iraq Dinar', 'IQD', 'Iraqi Dinar', 'د.ع', 'N', b'0', NULL, NULL, 65, 1),
(65, 1, '2017-04-01 11:32:47', 'Isle of Man Pound', 'IMP', 'Isle of Man Pound', '£', 'N', b'0', NULL, NULL, 66, 1),
(66, 1, '2017-04-01 11:32:47', 'Jamaica Dollar', 'JMD', 'Jamaican Dollar', 'J$', 'N', b'0', NULL, NULL, 67, 1),
(67, 1, '2017-04-01 11:32:47', 'Jersey Pound', 'JEP', 'Jersey Pound', '£', 'N', b'0', NULL, NULL, 68, 1),
(68, 1, '2017-04-01 11:32:48', 'Jordan Dinar', 'JOD', 'Jordanian Dinar', 'د.ا', 'N', b'0', NULL, NULL, 69, 1),
(69, 1, '2017-04-01 11:32:48', 'Kenya Shilling', 'KES', 'Kenyan Shilling', 'Sh', 'N', b'0', NULL, NULL, 70, 1),
(70, 1, '2017-04-01 11:32:48', 'Papua New Guinea Kina', 'PGK', 'Kina', 'K', 'N', b'0', NULL, NULL, 71, 1),
(71, 1, '2017-04-01 11:32:49', 'Laos Kip', 'LAK', 'Kip', '₭', 'N', b'0', NULL, NULL, 72, 1),
(72, 1, '2017-04-01 11:32:49', 'Croatia Kuna', 'HRK', 'Kuna', 'kn', 'N', b'0', NULL, NULL, 73, 1),
(73, 1, '2017-04-01 11:32:49', 'Kuwait Dinar', 'KWD', 'Kuwaiti Dinar', 'د.ك', 'N', b'0', NULL, NULL, 74, 1),
(74, 1, '2017-04-01 11:32:49', 'Angola Kwanza', 'AOA', 'Kwanza', 'Kz', 'N', b'0', NULL, NULL, 75, 1),
(75, 1, '2017-04-01 11:32:50', 'Myanmar (Burma) Kyat', 'MMK', 'Kyat', 'K', 'N', b'0', NULL, NULL, 76, 1),
(76, 1, '2017-04-01 11:32:50', 'Georgia Lari', 'GEL', 'Lari', 'ლ', 'N', b'0', NULL, NULL, 77, 1),
(77, 1, '2017-04-01 11:32:50', 'Lebanon Pound', 'LBP', 'Lebanese Pound', '£', 'N', b'0', NULL, NULL, 78, 1),
(78, 1, '2017-04-01 11:32:51', 'Albania Lek', 'ALL', 'Lek', 'Lek', 'N', b'0', NULL, NULL, 79, 1),
(79, 1, '2017-04-01 11:32:51', 'Honduras Lempira', 'HNL', 'Lempira', 'L', 'N', b'0', NULL, NULL, 80, 1),
(80, 1, '2017-04-01 11:32:51', 'Sierra Leone Leone', 'SLL', 'Leone', 'Le', 'N', b'0', NULL, NULL, 81, 1),
(81, 1, '2017-04-01 11:32:51', 'Liberia Dollar', 'LRD', 'Liberian Dollar', '$', 'N', b'0', NULL, NULL, 82, 1),
(82, 1, '2017-04-01 11:32:52', 'Libya Dinar', 'LYD', 'Libyan Dinar', 'ل.د', 'N', b'0', NULL, NULL, 83, 1),
(83, 1, '2017-04-01 11:32:52', 'Swaziland Lilangeni', 'SZL', 'Lilangeni', 'L', 'N', b'0', NULL, NULL, 84, 1),
(84, 1, '2017-04-01 11:32:52', 'Lesotho Loti', 'LSL', 'Loti', 'L', 'N', b'0', NULL, NULL, 85, 1),
(85, 1, '2017-04-01 11:32:53', 'Seborga Luigino', 'SPL', 'Luigino', '', 'N', b'0', NULL, NULL, 86, 1),
(86, 1, '2017-04-01 11:32:53', 'Madagascar Ariary', 'MGA', 'Malagasy Ariary', 'Ar', 'N', b'0', NULL, NULL, 87, 1),
(87, 1, '2017-04-01 11:32:53', 'Malawi Kwacha', 'MWK', 'Malawi Kwacha', 'MK', 'N', b'0', NULL, NULL, 88, 1),
(88, 1, '2017-04-01 11:32:53', 'Malaysia Ringgit', 'MYR', 'Malaysian Ringgit', 'RM', 'N', b'0', NULL, NULL, 89, 1),
(89, 1, '2017-04-01 11:32:54', 'Mauritius Rupee', 'MUR', 'Mauritius Rupee', '₨', 'N', b'0', NULL, NULL, 90, 1),
(90, 1, '2017-04-01 11:32:54', 'Mexico Peso', 'MXN', 'Mexican Peso', '$', 'N', b'0', NULL, NULL, 91, 1),
(91, 1, '2017-04-01 11:32:54', 'Moldova Leu', 'MDL', 'Moldovan Leu', 'L', 'N', b'0', NULL, NULL, 92, 1),
(92, 1, '2017-04-01 11:32:54', 'Morocco Dirham', 'MAD', 'Moroccan Dirham', 'د.م.', 'N', b'0', NULL, NULL, 93, 1),
(93, 1, '2017-04-01 11:32:55', 'Mozambique Metical', 'MZN', 'Mozambique Metical', 'MT', 'N', b'0', NULL, NULL, 94, 1),
(94, 1, '2017-04-01 11:32:55', 'Nigeria Naira', 'NGN', 'Naira', '₦', 'N', b'0', NULL, NULL, 95, 1),
(95, 1, '2017-04-01 11:32:55', 'Eritrea Nakfa', 'ERN', 'Nakfa', 'Nfk', 'N', b'0', NULL, NULL, 96, 1),
(96, 1, '2017-04-01 11:32:56', 'Namibia Dollar', 'NAD', 'Namibia Dollar', '$', 'N', b'0', NULL, NULL, 97, 1),
(97, 1, '2017-04-01 11:32:56', 'Nepal Rupee', 'NPR', 'Nepalese Rupee', '₨', 'N', b'0', NULL, NULL, 98, 1),
(98, 1, '2017-04-01 11:32:56', 'Netherlands Antilles Guilder', 'ANG', 'Netherlands Antillean Guilder', 'ƒ', 'N', b'0', NULL, NULL, 99, 1),
(99, 1, '2017-04-01 11:32:56', 'Israel Shekel', 'ILS', 'New Israeli Sheqel', '₪', 'N', b'0', NULL, NULL, 100, 1),
(100, 1, '2017-04-01 11:32:57', 'Taiwan New Dollar', 'TWD', 'New Taiwan Dollar', 'NT$', 'N', b'0', NULL, NULL, 101, 1),
(101, 1, '2017-04-01 11:32:57', 'New Zealand Dollar', 'NZD', 'New Zealand Dollar', '$', 'N', b'0', NULL, NULL, 102, 1),
(102, 1, '2017-04-01 11:32:57', 'Bhutan Ngultrum', 'BTN', 'Ngultrum', 'Nu', 'N', b'0', NULL, NULL, 103, 1),
(103, 1, '2017-04-01 11:32:58', 'Korea (North) Won', 'KPW', 'North Korean Won', '₩', 'N', b'0', NULL, NULL, 104, 1),
(104, 1, '2017-04-01 11:32:58', 'Norway Krone', 'NOK', 'Norwegian Krone', 'kr', 'N', b'0', NULL, NULL, 105, 1),
(105, 1, '2017-04-01 11:32:58', 'Mauritania Ouguiya', 'MRO', 'Ouguiya', 'UM', 'N', b'0', NULL, NULL, 106, 1),
(106, 1, '2017-04-01 11:32:58', 'Tonga Pa\'anga', 'TOP', 'Pa’anga', 'T$', 'N', b'0', NULL, NULL, 107, 1),
(107, 1, '2017-04-01 11:32:59', 'Pakistan Rupee', 'PKR', 'Pakistan Rupee', '₨', 'N', b'0', NULL, NULL, 108, 1),
(108, 1, '2017-04-01 11:32:59', 'Macau Pataca', 'MOP', 'Pataca', 'P', 'N', b'0', NULL, NULL, 109, 1),
(109, 1, '2017-04-01 11:32:59', 'Cuba Convertible Peso', 'CUC', 'Peso Convertible', '$', 'N', b'0', NULL, NULL, 110, 1),
(110, 1, '2017-04-01 11:33:00', 'Uruguay Peso', 'UYU', 'Peso Uruguayo', '$U', 'N', b'0', NULL, NULL, 111, 1),
(111, 1, '2017-04-01 11:33:00', 'Philippines Peso', 'PHP', 'Philippine Peso', '₱', 'N', b'0', NULL, NULL, 112, 1),
(112, 1, '2017-04-01 11:33:00', 'United Kingdom Pound', 'GBP', 'Pound Sterling', '£', 'N', b'0', NULL, NULL, 113, 1),
(113, 1, '2017-04-01 11:33:01', 'Botswana Pula', 'BWP', 'Pula', 'P', 'N', b'0', NULL, NULL, 114, 1),
(114, 1, '2017-04-01 11:33:01', 'Qatar Riyal', 'QAR', 'Qatari Rial', '﷼', 'N', b'0', NULL, NULL, 115, 1),
(115, 1, '2017-04-01 11:33:01', 'Guatemala Quetzal', 'GTQ', 'Quetzal', 'Q', 'N', b'0', NULL, NULL, 116, 1),
(116, 1, '2017-04-01 11:33:01', 'South Africa Rand', 'ZAR', 'Rand', 'R', 'N', b'0', NULL, NULL, 117, 1),
(117, 1, '2017-04-01 11:33:02', 'Oman Rial', 'OMR', 'Rial Omani', '﷼', 'N', b'0', NULL, NULL, 118, 1),
(118, 1, '2017-04-01 11:33:02', 'Cambodia Riel', 'KHR', 'Riel', '៛', 'N', b'0', NULL, NULL, 119, 1),
(119, 1, '2017-04-01 11:33:02', 'Romania New Leu', 'RON', 'Romanian Leu', 'lei', 'N', b'0', NULL, NULL, 120, 1),
(120, 1, '2017-04-01 11:33:03', 'Maldives (Maldive Islands) Rufiyaa', 'MVR', 'Rufiyaa', 'ރ.', 'N', b'0', NULL, NULL, 121, 1),
(121, 1, '2017-04-01 11:33:03', 'Indonesia Rupiah', 'IDR', 'Rupiah', 'Rp', 'N', b'0', NULL, NULL, 122, 1),
(122, 1, '2017-04-01 11:33:03', 'Russia Ruble', 'RUB', 'Russian Ruble', '₽', 'N', b'0', NULL, NULL, 123, 1),
(123, 1, '2017-04-01 11:33:04', 'Rwanda Franc', 'RWF', 'Rwanda Franc', 'Fr', 'N', b'0', NULL, NULL, 124, 1),
(124, 1, '2017-04-01 11:33:04', 'Saint Helena Pound', 'SHP', 'Saint Helena Pound', '£', 'N', b'0', NULL, NULL, 125, 1),
(125, 1, '2017-04-01 11:33:04', 'Saudi Arabia Riyal', 'SAR', 'Saudi Riyal', '﷼', 'N', b'0', NULL, NULL, 126, 1),
(126, 1, '2017-04-01 11:33:04', 'Serbia Dinar', 'RSD', 'Serbian Dinar', 'Дин.', 'N', b'0', NULL, NULL, 127, 1),
(127, 1, '2017-04-01 11:33:05', 'Seychelles Rupee', 'SCR', 'Seychelles Rupee', '₨', 'N', b'0', NULL, NULL, 128, 1),
(128, 1, '2017-04-01 11:33:05', 'Singapore Dollar', 'SGD', 'Singapore Dollar', '$', 'N', b'0', NULL, NULL, 129, 1),
(129, 1, '2017-04-01 11:33:05', 'Peru Sol', 'PEN', 'Sol', 'S/.', 'N', b'0', NULL, NULL, 130, 1),
(130, 1, '2017-04-01 11:33:05', 'Solomon Islands Dollar', 'SBD', 'Solomon Islands Dollar', '$', 'N', b'0', NULL, NULL, 131, 1),
(131, 1, '2017-04-01 11:33:06', 'Kyrgyzstan Som', 'KGS', 'Som', 'лв', 'N', b'0', NULL, NULL, 132, 1),
(132, 1, '2017-04-01 11:33:06', 'Somalia Shilling', 'SOS', 'Somali Shilling', 'S', 'N', b'0', NULL, NULL, 133, 1),
(133, 1, '2017-04-01 11:33:06', 'Tajikistan Somoni', 'TJS', 'Somoni', 'ЅМ', 'N', b'0', NULL, NULL, 134, 1),
(134, 1, '2017-04-01 11:33:07', 'Sri Lanka Rupee', 'LKR', 'Sri Lanka Rupee', '₨', 'N', b'0', NULL, NULL, 135, 1),
(135, 1, '2017-04-01 11:33:07', 'Sudan Pound', 'SDG', 'Sudanese Pound', '£', 'N', b'0', NULL, NULL, 136, 1),
(136, 1, '2017-04-01 11:33:07', 'Suriname Dollar', 'SRD', 'Surinam Dollar', '$', 'N', b'0', NULL, NULL, 137, 1),
(137, 1, '2017-04-01 11:33:07', 'Sweden Krona', 'SEK', 'Swedish Krona', 'kr', 'N', b'0', NULL, NULL, 138, 1),
(138, 1, '2017-04-01 11:33:08', 'Switzerland Franc', 'CHF', 'Swiss Franc', 'CHF', 'N', b'0', NULL, NULL, 139, 1),
(139, 1, '2017-04-01 11:33:08', 'Syria Pound', 'SYP', 'Syrian Pound', '£', 'N', b'0', NULL, NULL, 140, 1),
(140, 1, '2017-04-01 11:33:08', 'Bangladesh Taka', 'BDT', 'Taka', '৳', 'N', b'0', NULL, NULL, 141, 1),
(141, 1, '2017-04-01 11:33:09', 'Samoa Tala', 'WST', 'Tala', 'T', 'N', b'0', NULL, NULL, 142, 1),
(142, 1, '2017-04-01 11:33:09', 'Tanzania Shilling', 'TZS', 'Tanzanian Shilling', 'Sh', 'N', b'0', NULL, NULL, 143, 1),
(143, 1, '2017-04-01 11:33:09', 'Kazakhstan Tenge', 'KZT', 'Tenge', 'лв', 'N', b'0', NULL, NULL, 144, 1),
(144, 1, '2017-04-01 11:33:09', 'Trinidad AND Tobago Dollar', 'TTD', 'Trinidad AND Tobago Dollar', 'TT$', 'N', b'0', NULL, NULL, 145, 1),
(145, 1, '2017-04-01 11:33:10', 'Mongolia Tughrik', 'MNT', 'Tugrik', '₮', 'N', b'0', NULL, NULL, 146, 1),
(146, 1, '2017-04-01 11:33:10', 'Tunisia Dinar', 'TND', 'Tunisian Dinar', 'د.ت', 'N', b'0', NULL, NULL, 147, 1),
(147, 1, '2017-04-01 11:33:10', 'Turkey Lira', 'TRY', 'Turkish Lira', 'TL', 'N', b'0', NULL, NULL, 148, 1),
(148, 1, '2017-04-01 11:33:11', 'Turkmenistan Manat', 'TMT', 'Turkmenistan New Manat', 'm', 'N', b'0', NULL, NULL, 149, 1),
(149, 1, '2017-04-01 11:33:11', 'Tuvalu Dollar', 'TVD', 'Tuvalu Dollar', '$', 'N', b'0', NULL, NULL, 150, 1),
(150, 1, '2017-04-01 11:33:11', 'United Arab Emirates Dirham', 'AED', 'UAE Dirham', 'د.إ', 'N', b'0', NULL, NULL, 151, 1),
(151, 1, '2017-04-01 11:33:11', 'Uganda Shilling', 'UGX', 'Uganda Shilling', 'Sh', 'N', b'0', NULL, NULL, 152, 1),
(152, 1, '2017-04-01 11:33:12', 'United States Dollar', 'USD', 'US Dollar', '$', 'N', b'0', NULL, NULL, 153, 1),
(153, 1, '2017-04-01 11:33:12', 'Uzbekistan Som', 'UZS', 'Uzbekistan Sum', 'лв', 'N', b'0', NULL, NULL, 154, 1),
(154, 1, '2017-04-01 11:33:13', 'Vanuatu Vatu', 'VUV', 'Vatu', 'Vt', 'N', b'0', NULL, NULL, 155, 1),
(155, 1, '2017-04-01 11:33:13', 'Korea (South) Won', 'KRW', 'Won', '₩', 'N', b'0', NULL, NULL, 156, 1),
(156, 1, '2017-04-01 11:33:13', 'Yemen Rial', 'YER', 'Yemeni Rial', '﷼', 'N', b'0', NULL, NULL, 157, 1),
(157, 1, '2017-04-01 11:33:14', 'Japan Yen', 'JPY', 'Yen', '¥', 'N', b'0', NULL, NULL, 158, 1),
(158, 1, '2017-04-01 11:33:14', 'China Yuan Renminbi', 'CNY', 'Yuan Renminbi', '¥', 'N', b'0', NULL, NULL, 159, 1),
(159, 1, '2017-04-01 11:33:14', 'Zambia Kwacha', 'ZMW', 'Zambian Kwacha', 'ZK', 'N', b'0', NULL, NULL, 160, 1),
(160, 1, '2017-04-01 11:33:14', 'Zimbabwe Dollar', 'ZWD', 'Zimbabwe Dollar', 'Z$', 'N', b'0', NULL, NULL, 161, 1),
(161, 1, '2017-04-01 11:33:15', 'Poland Zloty', 'PLN', 'Zloty', 'zł', 'N', b'0', NULL, NULL, 162, 1);
INSERT INTO `COUNTRY` (`COUNTRY_CODE`, `COUNTRY_DESCRIPTION`, `COUNTRY_NAME`, `CREATED_BY`, `CREATED_DATE`, `DEFAULT_FLAG`, `DELETE_FLAG`, `ISO_ALPHA3_CODE`, `LAST_UPDATED_BY`, `LAST_UPDATE_DATE`, `ORDER_SEQUENCE`, `VERSION_NUMBER`, `CURRENCY_CODE`) VALUES
(1, 'Islamic State of Afghanistan', 'Afghanistan', 1, '2017-06-21 07:54:26', 'N', b'0', 'AFG', NULL, NULL, 2, 1, 1),
(2, 'Republic of Albania', 'Albania', 1, '2017-06-21 07:54:26', 'N', b'0', 'ALB', NULL, NULL, 3, 1, NULL),
(3, 'People\'s Democratic Republic of Algeria', 'Algeria', 1, '2017-06-21 07:54:26', 'N', b'0', 'DZA', NULL, NULL, 4, 1, NULL),
(4, 'Principality of Andorra', 'Andorra', 1, '2017-06-21 07:54:26', 'N', b'0', 'AND', NULL, NULL, 5, 1, NULL),
(5, 'Republic of Angola', 'Angola', 1, '2017-06-21 07:54:26', 'N', b'0', 'AGO', NULL, NULL, 6, 1, NULL),
(6, NULL, 'Antigua AND Barbuda', 1, '2017-06-21 07:54:26', 'N', b'0', 'ATG', NULL, NULL, 7, 1, NULL),
(7, 'Argentine Republic', 'Argentina', 1, '2017-06-21 07:54:26', 'N', b'0', 'ARG', NULL, NULL, 8, 1, NULL),
(8, 'Republic of Armenia', 'Armenia', 1, '2017-06-21 07:54:26', 'N', b'0', 'ARM', NULL, NULL, 9, 1, NULL),
(9, 'Commonwealth of Australia', 'Australia', 1, '2017-06-21 07:54:26', 'N', b'0', 'AUS', NULL, NULL, 10, 1, NULL),
(10, 'Republic of Austria', 'Austria', 1, '2017-06-21 07:54:27', 'N', b'0', 'AUT', NULL, NULL, 11, 1, NULL),
(11, 'Republic of Azerbaijan', 'Azerbaijan', 1, '2017-06-21 07:54:27', 'N', b'0', 'AZE', NULL, NULL, 12, 1, NULL),
(12, 'Commonwealth of The Bahamas', 'Bahamas, The', 1, '2017-06-21 07:54:27', 'N', b'0', 'BHS', NULL, NULL, 13, 1, NULL),
(13, 'Kingdom of Bahrain', 'Bahrain', 1, '2017-06-21 07:54:27', 'N', b'0', 'BHR', NULL, NULL, 14, 1, NULL),
(14, 'People\'s Republic of Bangladesh', 'Bangladesh', 1, '2017-06-21 07:54:27', 'N', b'0', 'BGD', NULL, NULL, 15, 1, NULL),
(15, NULL, 'Barbados', 1, '2017-06-21 07:54:27', 'N', b'0', 'BRB', NULL, NULL, 16, 1, NULL),
(16, 'Republic of Belarus', 'Belarus', 1, '2017-06-21 07:54:27', 'N', b'0', 'BLR', NULL, NULL, 17, 1, NULL),
(17, 'Kingdom of Belgium', 'Belgium', 1, '2017-06-21 07:54:27', 'N', b'0', 'BEL', NULL, NULL, 18, 1, NULL),
(18, NULL, 'Belize', 1, '2017-06-21 07:54:27', 'N', b'0', 'BLZ', NULL, NULL, 19, 1, NULL),
(19, 'Republic of Benin', 'Benin', 1, '2017-06-21 07:54:27', 'N', b'0', 'BEN', NULL, NULL, 20, 1, NULL),
(20, 'Kingdom of Bhutan', 'Bhutan', 1, '2017-06-21 07:54:27', 'N', b'0', 'BTN', NULL, NULL, 21, 1, NULL),
(21, 'Republic of Bolivia', 'Bolivia', 1, '2017-06-21 07:54:27', 'N', b'0', 'BOL', NULL, NULL, 22, 1, NULL),
(22, NULL, 'Bosnia AND Herzegovina', 1, '2017-06-21 07:54:27', 'N', b'0', 'BIH', NULL, NULL, 23, 1, NULL),
(23, 'Republic of Botswana', 'Botswana', 1, '2017-06-21 07:54:27', 'N', b'0', 'BWA', NULL, NULL, 24, 1, NULL),
(24, 'Federative Republic of Brazil', 'Brazil', 1, '2017-06-21 07:54:27', 'N', b'0', 'BRA', NULL, NULL, 25, 1, NULL),
(25, 'Negara Brunei Darussalam', 'Brunei', 1, '2017-06-21 07:54:27', 'N', b'0', 'BRN', NULL, NULL, 26, 1, NULL),
(26, 'Republic of Bulgaria', 'Bulgaria', 1, '2017-06-21 07:54:27', 'N', b'0', 'BGR', NULL, NULL, 27, 1, NULL),
(27, NULL, 'Burkina Faso', 1, '2017-06-21 07:54:27', 'N', b'0', 'BFA', NULL, NULL, 28, 1, NULL),
(28, 'Republic of Burundi', 'Burundi', 1, '2017-06-21 07:54:27', 'N', b'0', 'BDI', NULL, NULL, 29, 1, NULL),
(29, 'Kingdom of Cambodia', 'Cambodia', 1, '2017-06-21 07:54:27', 'N', b'0', 'KHM', NULL, NULL, 30, 1, NULL),
(30, 'Republic of Cameroon', 'Cameroon', 1, '2017-06-21 07:54:27', 'N', b'0', 'CMR', NULL, NULL, 31, 1, NULL),
(31, NULL, 'Canada', 1, '2017-06-21 07:54:27', 'N', b'0', 'CAN', NULL, NULL, 32, 1, NULL),
(32, 'Republic of Cape Verde', 'Cape Verde', 1, '2017-06-21 07:54:28', 'N', b'0', 'CPV', NULL, NULL, 33, 1, NULL),
(33, NULL, 'Central African Republic', 1, '2017-06-21 07:54:28', 'N', b'0', 'CAF', NULL, NULL, 34, 1, NULL),
(34, 'Republic of Chad', 'Chad', 1, '2017-06-21 07:54:28', 'N', b'0', 'TCD', NULL, NULL, 35, 1, NULL),
(35, 'Republic of Chile', 'Chile', 1, '2017-06-21 07:54:28', 'N', b'0', 'CHL', NULL, NULL, 36, 1, NULL),
(36, 'People\'s Republic of China', 'China, People\'s Republic of', 1, '2017-06-21 07:54:28', 'N', b'0', 'CHN', NULL, NULL, 37, 1, NULL),
(37, 'Republic of Colombia', 'Colombia', 1, '2017-06-21 07:54:28', 'N', b'0', 'COL', NULL, NULL, 38, 1, NULL),
(38, 'Union of Comoros', 'Comoros', 1, '2017-06-21 07:54:28', 'N', b'0', 'COM', NULL, NULL, 39, 1, NULL),
(39, 'Republic of Costa Rica', 'Costa Rica', 1, '2017-06-21 07:54:28', 'N', b'0', 'CRI', NULL, NULL, 42, 1, NULL),
(40, 'Republic of Cote d\'Ivoire', 'Cote d\'Ivoire (Ivory Coast)', 1, '2017-06-21 07:54:28', 'N', b'0', 'CIV', NULL, NULL, 43, 1, NULL),
(41, 'Republic of Croatia', 'Croatia', 1, '2017-06-21 07:54:28', 'N', b'0', 'HRV', NULL, NULL, 44, 1, NULL),
(42, 'Republic of Cuba', 'Cuba', 1, '2017-06-21 07:54:28', 'N', b'0', 'CUB', NULL, NULL, 45, 1, NULL),
(43, 'Republic of Cyprus', 'Cyprus', 1, '2017-06-21 07:54:28', 'N', b'0', 'CYP', NULL, NULL, 46, 1, NULL),
(44, NULL, 'Czech Republic', 1, '2017-06-21 07:54:28', 'N', b'0', 'CZE', NULL, NULL, 47, 1, NULL),
(45, 'Kingdom of Denmark', 'Denmark', 1, '2017-06-21 07:54:28', 'N', b'0', 'DNK', NULL, NULL, 48, 1, NULL),
(46, 'Republic of Djibouti', 'Djibouti', 1, '2017-06-21 07:54:28', 'N', b'0', 'DJI', NULL, NULL, 49, 1, NULL),
(47, 'Commonwealth of Dominica', 'Dominica', 1, '2017-06-21 07:54:28', 'N', b'0', 'DMA', NULL, NULL, 50, 1, NULL),
(48, NULL, 'Dominican Republic', 1, '2017-06-21 07:54:28', 'N', b'0', 'DOM', NULL, NULL, 51, 1, NULL),
(49, 'Republic of Ecuador', 'Ecuador', 1, '2017-06-21 07:54:29', 'N', b'0', 'ECU', NULL, NULL, 52, 1, NULL),
(50, 'Arab Republic of Egypt', 'Egypt', 1, '2017-06-21 07:54:29', 'N', b'0', 'EGY', NULL, NULL, 53, 1, NULL),
(51, 'Republic of El Salvador', 'El Salvador', 1, '2017-06-21 07:54:29', 'N', b'0', 'SLV', NULL, NULL, 54, 1, NULL),
(52, 'Republic of Equatorial Guinea', 'Equatorial Guinea', 1, '2017-06-21 07:54:29', 'N', b'0', 'GNQ', NULL, NULL, 55, 1, NULL),
(53, 'State of Eritrea', 'Eritrea', 1, '2017-06-21 07:54:29', 'N', b'0', 'ERI', NULL, NULL, 56, 1, NULL),
(54, 'Republic of Estonia', 'Estonia', 1, '2017-06-21 07:54:29', 'N', b'0', 'EST', NULL, NULL, 57, 1, NULL),
(55, 'Federal Democratic Republic of Ethiopia', 'Ethiopia', 1, '2017-06-21 07:54:29', 'N', b'0', 'ETH', NULL, NULL, 58, 1, NULL),
(56, 'Republic of the Fiji Islands', 'Fiji', 1, '2017-06-21 07:54:29', 'N', b'0', 'FJI', NULL, NULL, 59, 1, NULL),
(57, 'Republic of Finland', 'Finland', 1, '2017-06-21 07:54:29', 'N', b'0', 'FIN', NULL, NULL, 60, 1, NULL),
(58, 'French Republic', 'France', 1, '2017-06-21 07:54:29', 'N', b'0', 'FRA', NULL, NULL, 61, 1, NULL),
(59, 'Gabonese Republic', 'Gabon', 1, '2017-06-21 07:54:29', 'N', b'0', 'GAB', NULL, NULL, 62, 1, NULL),
(60, 'Republic of The Gambia', 'Gambia, The', 1, '2017-06-21 07:54:29', 'N', b'0', 'GMB', NULL, NULL, 63, 1, NULL),
(61, 'Republic of Georgia', 'Georgia', 1, '2017-06-21 07:54:29', 'N', b'0', 'GEO', NULL, NULL, 64, 1, NULL),
(62, 'Federal Republic of Germany', 'Germany', 1, '2017-06-21 07:54:29', 'N', b'0', 'DEU', NULL, NULL, 65, 1, NULL),
(63, 'Republic of Ghana', 'Ghana', 1, '2017-06-21 07:54:29', 'N', b'0', 'GHA', NULL, NULL, 66, 1, NULL),
(64, 'Hellenic Republic', 'Greece', 1, '2017-06-21 07:54:29', 'N', b'0', 'GRC', NULL, NULL, 67, 1, NULL),
(65, NULL, 'Grenada', 1, '2017-06-21 07:54:29', 'N', b'0', 'GRD', NULL, NULL, 68, 1, NULL),
(66, 'Republic of Guatemala', 'Guatemala', 1, '2017-06-21 07:54:29', 'N', b'0', 'GTM', NULL, NULL, 69, 1, NULL),
(67, 'Republic of Guinea', 'Guinea', 1, '2017-06-21 07:54:29', 'N', b'0', 'GIN', NULL, NULL, 70, 1, NULL),
(68, 'Republic of Guinea-Bissau', 'Guinea-Bissau', 1, '2017-06-21 07:54:29', 'N', b'0', 'GNB', NULL, NULL, 71, 1, NULL),
(69, 'Co-operative Republic of Guyana', 'Guyana', 1, '2017-06-21 07:54:29', 'N', b'0', 'GUY', NULL, NULL, 72, 1, NULL),
(70, 'Republic of Haiti', 'Haiti', 1, '2017-06-21 07:54:29', 'N', b'0', 'HTI', NULL, NULL, 73, 1, NULL),
(71, 'Republic of Honduras', 'Honduras', 1, '2017-06-21 07:54:30', 'N', b'0', 'HND', NULL, NULL, 74, 1, NULL),
(72, 'Republic of Hungary', 'Hungary', 1, '2017-06-21 07:54:30', 'N', b'0', 'HUN', NULL, NULL, 75, 1, NULL),
(73, 'Republic of Iceland', 'Iceland', 1, '2017-06-21 07:54:30', 'N', b'0', 'ISL', NULL, NULL, 76, 1, NULL),
(74, 'Republic of India', 'India', 1, '2017-06-21 07:54:30', 'N', b'0', 'IND', NULL, NULL, 77, 1, 62),
(75, 'Republic of Indonesia', 'Indonesia', 1, '2017-06-21 07:54:30', 'N', b'0', 'IDN', NULL, NULL, 78, 1, NULL),
(76, 'Islamic Republic of Iran', 'Iran', 1, '2017-06-21 07:54:30', 'N', b'0', 'IRN', NULL, NULL, 79, 1, NULL),
(77, 'Republic of Iraq', 'Iraq', 1, '2017-06-21 07:54:30', 'N', b'0', 'IRQ', NULL, NULL, 80, 1, NULL),
(78, NULL, 'Ireland', 1, '2017-06-21 07:54:30', 'N', b'0', 'IRL', NULL, NULL, 81, 1, NULL),
(79, 'State of Israel', 'Israel', 1, '2017-06-21 07:54:30', 'N', b'0', 'ISR', NULL, NULL, 82, 1, NULL),
(80, 'Italian Republic', 'Italy', 1, '2017-06-21 07:54:30', 'N', b'0', 'ITA', NULL, NULL, 83, 1, NULL),
(81, NULL, 'Jamaica', 1, '2017-06-21 07:54:30', 'N', b'0', 'JAM', NULL, NULL, 84, 1, NULL),
(82, NULL, 'Japan', 1, '2017-06-21 07:54:30', 'N', b'0', 'JPN', NULL, NULL, 85, 1, NULL),
(83, 'Hashemite Kingdom of Jordan', 'Jordan', 1, '2017-06-21 07:54:30', 'N', b'0', 'JOR', NULL, NULL, 86, 1, NULL),
(84, 'Republic of Kazakhstan', 'Kazakhstan', 1, '2017-06-21 07:54:30', 'N', b'0', 'KAZ', NULL, NULL, 87, 1, NULL),
(85, 'Republic of Kenya', 'Kenya', 1, '2017-06-21 07:54:30', 'N', b'0', 'KEN', NULL, NULL, 88, 1, NULL),
(86, 'Republic of Kiribati', 'Kiribati', 1, '2017-06-21 07:54:30', 'N', b'0', 'KIR', NULL, NULL, 89, 1, NULL),
(87, 'Democratic People\'s Republic of Korea', 'Korea, North', 1, '2017-06-21 07:54:30', 'N', b'0', 'PRK', NULL, NULL, 90, 1, NULL),
(88, 'Republic of Korea', 'Korea, South', 1, '2017-06-21 07:54:30', 'N', b'0', 'KOR', NULL, NULL, 91, 1, NULL),
(89, 'State of Kuwait', 'Kuwait', 1, '2017-06-21 07:54:30', 'N', b'0', 'KWT', NULL, NULL, 92, 1, NULL),
(90, 'Kyrgyz Republic', 'Kyrgyzstan', 1, '2017-06-21 07:54:31', 'N', b'0', 'KGZ', NULL, NULL, 93, 1, NULL),
(91, 'Lao People\'s Democratic Republic', 'Laos', 1, '2017-06-21 07:54:31', 'N', b'0', 'LAO', NULL, NULL, 94, 1, NULL),
(92, 'Republic of Latvia', 'Latvia', 1, '2017-06-21 07:54:31', 'N', b'0', 'LVA', NULL, NULL, 95, 1, NULL),
(93, 'Lebanese Republic', 'Lebanon', 1, '2017-06-21 07:54:31', 'N', b'0', 'LBN', NULL, NULL, 96, 1, NULL),
(94, 'Kingdom of Lesotho', 'Lesotho', 1, '2017-06-21 07:54:31', 'N', b'0', 'LSO', NULL, NULL, 97, 1, NULL),
(95, 'Republic of Liberia', 'Liberia', 1, '2017-06-21 07:54:31', 'N', b'0', 'LBR', NULL, NULL, 98, 1, NULL),
(96, 'Great Socialist People\'s Libyan Arab Jamahiriya', 'Libya', 1, '2017-06-21 07:54:31', 'N', b'0', 'LBY', NULL, NULL, 99, 1, NULL),
(97, 'Principality of Liechtenstein', 'Liechtenstein', 1, '2017-06-21 07:54:31', 'N', b'0', 'LIE', NULL, NULL, 100, 1, NULL),
(98, 'Republic of Lithuania', 'Lithuania', 1, '2017-06-21 07:54:31', 'N', b'0', 'LTU', NULL, NULL, 101, 1, NULL),
(99, 'Grand Duchy of Luxembourg', 'Luxembourg', 1, '2017-06-21 07:54:31', 'N', b'0', 'LUX', NULL, NULL, 102, 1, NULL),
(100, 'Republic of Macedonia', 'Macedonia', 1, '2017-06-21 07:54:31', 'N', b'0', 'MKD', NULL, NULL, 103, 1, NULL),
(101, 'Republic of Madagascar', 'Madagascar', 1, '2017-06-21 07:54:31', 'N', b'0', 'MDG', NULL, NULL, 104, 1, NULL),
(102, 'Republic of Malawi', 'Malawi', 1, '2017-06-21 07:54:31', 'N', b'0', 'MWI', NULL, NULL, 105, 1, NULL),
(103, NULL, 'Malaysia', 1, '2017-06-21 07:54:31', 'N', b'0', 'MYS', NULL, NULL, 106, 1, NULL),
(104, 'Republic of Maldives', 'Maldives', 1, '2017-06-21 07:54:31', 'N', b'0', 'MDV', NULL, NULL, 107, 1, NULL),
(105, 'Republic of Mali', 'Mali', 1, '2017-06-21 07:54:31', 'N', b'0', 'MLI', NULL, NULL, 108, 1, NULL),
(106, 'Republic of Malta', 'Malta', 1, '2017-06-21 07:54:31', 'N', b'0', 'MLT', NULL, NULL, 109, 1, NULL),
(107, 'Republic of the Marshall Islands', 'Marshall Islands', 1, '2017-06-21 07:54:31', 'N', b'0', 'MHL', NULL, NULL, 110, 1, NULL),
(108, 'Islamic Republic of Mauritania', 'Mauritania', 1, '2017-06-21 07:54:31', 'N', b'0', 'MRT', NULL, NULL, 111, 1, NULL),
(109, 'Republic of Mauritius', 'Mauritius', 1, '2017-06-21 07:54:31', 'N', b'0', 'MUS', NULL, NULL, 112, 1, NULL),
(110, 'United Mexican States', 'Mexico', 1, '2017-06-21 07:54:31', 'N', b'0', 'MEX', NULL, NULL, 113, 1, NULL),
(111, 'Federated States of Micronesia', 'Micronesia', 1, '2017-06-21 07:54:31', 'N', b'0', 'FSM', NULL, NULL, 114, 1, NULL),
(112, 'Republic of Moldova', 'Moldova', 1, '2017-06-21 07:54:31', 'N', b'0', 'MDA', NULL, NULL, 115, 1, NULL),
(113, 'Principality of Monaco', 'Monaco', 1, '2017-06-21 07:54:31', 'N', b'0', 'MCO', NULL, NULL, 116, 1, NULL),
(114, NULL, 'Mongolia', 1, '2017-06-21 07:54:32', 'N', b'0', 'MNG', NULL, NULL, 117, 1, NULL),
(115, 'Republic of Montenegro', 'Montenegro', 1, '2017-06-21 07:54:32', 'N', b'0', 'MNE', NULL, NULL, 118, 1, NULL),
(116, 'Kingdom of Morocco', 'Morocco', 1, '2017-06-21 07:54:32', 'N', b'0', 'MAR', NULL, NULL, 119, 1, NULL),
(117, 'Republic of Mozambique', 'Mozambique', 1, '2017-06-21 07:54:32', 'N', b'0', 'MOZ', NULL, NULL, 120, 1, NULL),
(118, 'Union of Myanmar', 'Myanmar (Burma)', 1, '2017-06-21 07:54:32', 'N', b'0', 'MMR', NULL, NULL, 121, 1, NULL),
(119, 'Republic of Namibia', 'Namibia', 1, '2017-06-21 07:54:32', 'N', b'0', 'NAM', NULL, NULL, 122, 1, NULL),
(120, 'Republic of Nauru', 'Nauru', 1, '2017-06-21 07:54:32', 'N', b'0', 'NRU', NULL, NULL, 123, 1, NULL),
(121, NULL, 'Nepal', 1, '2017-06-21 07:54:32', 'N', b'0', 'NPL', NULL, NULL, 124, 1, NULL),
(122, 'Kingdom of the Netherlands', 'Netherlands', 1, '2017-06-21 07:54:32', 'N', b'0', 'NLD', NULL, NULL, 125, 1, NULL),
(123, NULL, 'New Zealand', 1, '2017-06-21 07:54:32', 'N', b'0', 'NZL', NULL, NULL, 126, 1, NULL),
(124, 'Republic of Nicaragua', 'Nicaragua', 1, '2017-06-21 07:54:32', 'N', b'0', 'NIC', NULL, NULL, 127, 1, NULL),
(125, 'Republic of Niger', 'Niger', 1, '2017-06-21 07:54:32', 'N', b'0', 'NER', NULL, NULL, 128, 1, NULL),
(126, 'Federal Republic of Nigeria', 'Nigeria', 1, '2017-06-21 07:54:32', 'N', b'0', 'NGA', NULL, NULL, 129, 1, NULL),
(127, 'Kingdom of Norway', 'Norway', 1, '2017-06-21 07:54:32', 'N', b'0', 'NOR', NULL, NULL, 130, 1, NULL),
(128, 'Sultanate of Oman', 'Oman', 1, '2017-06-21 07:54:32', 'N', b'0', 'OMN', NULL, NULL, 131, 1, NULL),
(129, 'Islamic Republic of Pakistan', 'Pakistan', 1, '2017-06-21 07:54:32', 'N', b'0', 'PAK', NULL, NULL, 132, 1, NULL),
(130, 'Republic of Palau', 'Palau', 1, '2017-06-21 07:54:32', 'N', b'0', 'PLW', NULL, NULL, 133, 1, NULL),
(131, 'Republic of Panama', 'Panama', 1, '2017-06-21 07:54:32', 'N', b'0', 'PAN', NULL, NULL, 134, 1, NULL),
(132, 'Independent State of Papua New Guinea', 'Papua New Guinea', 1, '2017-06-21 07:54:33', 'N', b'0', 'PNG', NULL, NULL, 135, 1, NULL),
(133, 'Republic of Paraguay', 'Paraguay', 1, '2017-06-21 07:54:33', 'N', b'0', 'PRY', NULL, NULL, 136, 1, NULL),
(134, 'Republic of Peru', 'Peru', 1, '2017-06-21 07:54:33', 'N', b'0', 'PER', NULL, NULL, 137, 1, NULL),
(135, 'Republic of the Philippines', 'Philippines', 1, '2017-06-21 07:54:33', 'N', b'0', 'PHL', NULL, NULL, 138, 1, NULL),
(136, 'Republic of Poland', 'Poland', 1, '2017-06-21 07:54:33', 'N', b'0', 'POL', NULL, NULL, 139, 1, NULL),
(137, 'Portuguese Republic', 'Portugal', 1, '2017-06-21 07:54:33', 'N', b'0', 'PRT', NULL, NULL, 140, 1, NULL),
(138, 'State of Qatar', 'Qatar', 1, '2017-06-21 07:54:33', 'N', b'0', 'QAT', NULL, NULL, 141, 1, NULL),
(139, NULL, 'Romania', 1, '2017-06-21 07:54:33', 'N', b'0', 'ROU', NULL, NULL, 142, 1, NULL),
(140, 'Russian Federation', 'Russia', 1, '2017-06-21 07:54:33', 'N', b'0', 'RUS', NULL, NULL, 143, 1, NULL),
(141, 'Republic of Rwanda', 'Rwanda', 1, '2017-06-21 07:54:33', 'N', b'0', 'RWA', NULL, NULL, 144, 1, NULL),
(142, 'Federation of Saint Kitts AND Nevis', 'Saint Kitts AND Nevis', 1, '2017-06-21 07:54:33', 'N', b'0', 'KNA', NULL, NULL, 145, 1, NULL),
(143, NULL, 'Saint Lucia', 1, '2017-06-21 07:54:33', 'N', b'0', 'LCA', NULL, NULL, 146, 1, NULL),
(144, NULL, 'Saint Vincent AND the Grenadines', 1, '2017-06-21 07:54:33', 'N', b'0', 'VCT', NULL, NULL, 147, 1, NULL),
(145, 'Independent State of Samoa', 'Samoa', 1, '2017-06-21 07:54:33', 'N', b'0', 'WSM', NULL, NULL, 148, 1, NULL),
(146, 'Republic of San Marino', 'San Marino', 1, '2017-06-21 07:54:33', 'N', b'0', 'SMR', NULL, NULL, 149, 1, NULL),
(147, 'Democratic Republic of Sao Tome AND Principe', 'Sao Tome AND Principe', 1, '2017-06-21 07:54:33', 'N', b'0', 'STP', NULL, NULL, 150, 1, NULL),
(148, 'Kingdom of Saudi Arabia', 'Saudi Arabia', 1, '2017-06-21 07:54:33', 'N', b'0', 'SAU', NULL, NULL, 151, 1, NULL),
(149, 'Republic of Senegal', 'Senegal', 1, '2017-06-21 07:54:33', 'N', b'0', 'SEN', NULL, NULL, 152, 1, NULL),
(150, 'Republic of Serbia', 'Serbia', 1, '2017-06-21 07:54:33', 'N', b'0', 'SRB', NULL, NULL, 153, 1, NULL),
(151, 'Republic of Seychelles', 'Seychelles', 1, '2017-06-21 07:54:33', 'N', b'0', 'SYC', NULL, NULL, 154, 1, NULL),
(152, 'Republic of Sierra Leone', 'Sierra Leone', 1, '2017-06-21 07:54:33', 'N', b'0', 'SLE', NULL, NULL, 155, 1, NULL),
(153, 'Republic of Singapore', 'Singapore', 1, '2017-06-21 07:54:33', 'N', b'0', 'SGP', NULL, NULL, 156, 1, NULL),
(154, 'Slovak Republic', 'Slovakia', 1, '2017-06-21 07:54:33', 'N', b'0', 'SVK', NULL, NULL, 157, 1, NULL),
(155, 'Republic of Slovenia', 'Slovenia', 1, '2017-06-21 07:54:33', 'N', b'0', 'SVN', NULL, NULL, 158, 1, NULL),
(156, NULL, 'Solomon Islands', 1, '2017-06-21 07:54:33', 'N', b'0', 'SLB', NULL, NULL, 159, 1, NULL),
(157, NULL, 'Somalia', 1, '2017-06-21 07:54:34', 'N', b'0', 'SOM', NULL, NULL, 160, 1, NULL),
(158, 'Republic of South Africa', 'South Africa', 1, '2017-06-21 07:54:34', 'N', b'0', 'ZAF', NULL, NULL, 161, 1, NULL),
(159, 'Kingdom of Spain', 'Spain', 1, '2017-06-21 07:54:34', 'N', b'0', 'ESP', NULL, NULL, 162, 1, NULL),
(160, 'Democratic Socialist Republic of Sri Lanka', 'Sri Lanka', 1, '2017-06-21 07:54:34', 'N', b'0', 'LKA', NULL, NULL, 163, 1, NULL),
(161, 'Republic of the Sudan', 'Sudan', 1, '2017-06-21 07:54:34', 'N', b'0', 'SDN', NULL, NULL, 164, 1, NULL),
(162, 'Republic of Suriname', 'Suriname', 1, '2017-06-21 07:54:34', 'N', b'0', 'SUR', NULL, NULL, 165, 1, NULL),
(163, 'Kingdom of Swaziland', 'Swaziland', 1, '2017-06-21 07:54:34', 'N', b'0', 'SWZ', NULL, NULL, 166, 1, NULL),
(164, 'Kingdom of Sweden', 'Sweden', 1, '2017-06-21 07:54:34', 'N', b'0', 'SWE', NULL, NULL, 167, 1, NULL),
(165, 'Swiss Confederation', 'Switzerland', 1, '2017-06-21 07:54:34', 'N', b'0', 'CHE', NULL, NULL, 168, 1, NULL),
(166, 'Syrian Arab Republic', 'Syria', 1, '2017-06-21 07:54:34', 'N', b'0', 'SYR', NULL, NULL, 169, 1, NULL),
(167, 'Republic of Tajikistan', 'Tajikistan', 1, '2017-06-21 07:54:34', 'N', b'0', 'TJK', NULL, NULL, 170, 1, NULL),
(168, 'United Republic of Tanzania', 'Tanzania', 1, '2017-06-21 07:54:34', 'N', b'0', 'TZA', NULL, NULL, 171, 1, NULL),
(169, 'Kingdom of Thailand', 'Thailand', 1, '2017-06-21 07:54:34', 'N', b'0', 'THA', NULL, NULL, 172, 1, NULL),
(170, 'Democratic Republic of Timor-Leste', 'Timor-Leste (East Timor)', 1, '2017-06-21 07:54:34', 'N', b'0', 'TLS', NULL, NULL, 173, 1, NULL),
(171, 'Togolese Republic', 'Togo', 1, '2017-06-21 07:54:34', 'N', b'0', 'TGO', NULL, NULL, 174, 1, NULL),
(172, 'Kingdom of Tonga', 'Tonga', 1, '2017-06-21 07:54:34', 'N', b'0', 'TON', NULL, NULL, 175, 1, NULL),
(173, 'Republic of Trinidad AND Tobago', 'Trinidad AND Tobago', 1, '2017-06-21 07:54:34', 'N', b'0', 'TTO', NULL, NULL, 176, 1, NULL),
(174, 'Tunisian Republic', 'Tunisia', 1, '2017-06-21 07:54:34', 'N', b'0', 'TUN', NULL, NULL, 177, 1, NULL),
(175, 'Republic of Turkey', 'Turkey', 1, '2017-06-21 07:54:34', 'N', b'0', 'TUR', NULL, NULL, 178, 1, NULL),
(176, NULL, 'Turkmenistan', 1, '2017-06-21 07:54:34', 'N', b'0', 'TKM', NULL, NULL, 179, 1, NULL),
(177, NULL, 'Tuvalu', 1, '2017-06-21 07:54:35', 'N', b'0', 'TUV', NULL, NULL, 180, 1, NULL),
(178, 'Republic of Uganda', 'Uganda', 1, '2017-06-21 07:54:35', 'N', b'0', 'UGA', NULL, NULL, 181, 1, NULL),
(179, NULL, 'Ukraine', 1, '2017-06-21 07:54:35', 'N', b'0', 'UKR', NULL, NULL, 182, 1, NULL),
(180, 'United Arab Emirates', 'United Arab Emirates', 1, '2017-06-21 07:54:35', 'Y', b'0', 'ARE', NULL, NULL, 1, 1, NULL),
(181, 'United Kingdom of Great Britain AND Northern Ireland', 'United Kingdom', 1, '2017-06-21 07:54:35', 'N', b'0', 'GBR', NULL, NULL, 184, 1, NULL),
(182, 'United States of America', 'United States', 1, '2017-06-21 07:54:35', 'N', b'0', 'USA', NULL, NULL, 185, 1, 152),
(183, 'Oriental Republic of Uruguay', 'Uruguay', 1, '2017-06-21 07:54:35', 'N', b'0', 'URY', NULL, NULL, 186, 1, NULL),
(184, 'Republic of Uzbekistan', 'Uzbekistan', 1, '2017-06-21 07:54:35', 'N', b'0', 'UZB', NULL, NULL, 187, 1, NULL),
(185, 'Republic of Vanuatu', 'Vanuatu', 1, '2017-06-21 07:54:35', 'N', b'0', 'VUT', NULL, NULL, 188, 1, NULL),
(186, 'State of the Vatican City', 'Vatican City', 1, '2017-06-21 07:54:35', 'N', b'0', 'VAT', NULL, NULL, 189, 1, NULL),
(187, 'Bolivarian Republic of Venezuela', 'Venezuela', 1, '2017-06-21 07:54:35', 'N', b'0', 'VEN', NULL, NULL, 190, 1, NULL),
(188, 'Socialist Republic of Vietnam', 'Vietnam', 1, '2017-06-21 07:54:35', 'N', b'0', 'VNM', NULL, NULL, 191, 1, NULL),
(189, 'Republic of Yemen', 'Yemen', 1, '2017-06-21 07:54:35', 'N', b'0', 'YEM', NULL, NULL, 192, 1, NULL),
(190, 'Republic of Zambia', 'Zambia', 1, '2017-06-21 07:54:35', 'N', b'0', 'ZMB', NULL, NULL, 193, 1, NULL),
(191, 'Republic of Zimbabwe', 'Zimbabwe', 1, '2017-06-21 07:54:35', 'N', b'0', 'ZWE', NULL, NULL, 194, 1, NULL),
(192, 'Republic of Abkhazia', 'Abkhazia', 1, '2017-06-21 07:54:35', 'N', b'0', 'GEO', NULL, NULL, 195, 1, NULL),
(193, 'Republic of China', 'China, Republic of (Taiwan)', 1, '2017-06-21 07:54:35', 'N', b'0', 'TWN', NULL, NULL, 196, 1, NULL),
(194, 'Nagorno-Karabakh Republic', 'Nagorno-Karabakh', 1, '2017-06-21 07:54:35', 'N', b'0', 'AZE', NULL, NULL, 197, 1, NULL),
(195, 'Turkish Republic of Northern Cyprus', 'Northern Cyprus', 1, '2017-06-21 07:54:35', 'N', b'0', 'CYP', NULL, NULL, 198, 1, NULL),
(196, 'Pridnestrovian Moldavian Republic', 'Pridnestrovie (Transnistria)', 1, '2017-06-21 07:54:35', 'N', b'0', 'MDA', NULL, NULL, 199, 1, NULL),
(197, 'Republic of Somaliland', 'Somaliland', 1, '2017-06-21 07:54:35', 'N', b'0', 'SOM', NULL, NULL, 200, 1, NULL),
(198, 'Republic of South Ossetia', 'South Ossetia', 1, '2017-06-21 07:54:35', 'N', b'0', 'GEO', NULL, NULL, 201, 1, NULL),
(199, 'Territory of Ashmore AND Cartier Islands', 'Ashmore AND Cartier Islands', 1, '2017-06-21 07:54:36', 'N', b'0', 'AUS', NULL, NULL, 202, 1, NULL),
(200, 'Territory of Christmas Island', 'Christmas Island', 1, '2017-06-21 07:54:36', 'N', b'0', 'CXR', NULL, NULL, 203, 1, NULL),
(201, 'Territory of Cocos (Keeling) Islands', 'Cocos (Keeling) Islands', 1, '2017-06-21 07:54:36', 'N', b'0', 'CCK', NULL, NULL, 204, 1, NULL),
(202, 'Coral Sea Islands Territory', 'Coral Sea Islands', 1, '2017-06-21 07:54:36', 'N', b'0', 'AUS', NULL, NULL, 205, 1, NULL),
(203, 'Territory of Heard Island AND McDonald Islands', 'Heard Island AND McDonald Islands', 1, '2017-06-21 07:54:36', 'N', b'0', 'HMD', NULL, NULL, 206, 1, NULL),
(204, 'Territory of Norfolk Island', 'Norfolk Island', 1, '2017-06-21 07:54:36', 'N', b'0', 'NFK', NULL, NULL, 207, 1, NULL),
(205, NULL, 'New Caledonia', 1, '2017-06-21 07:54:36', 'N', b'0', 'NCL', NULL, NULL, 208, 1, NULL),
(206, 'Overseas Country of French Polynesia', 'French Polynesia', 1, '2017-06-21 07:54:36', 'N', b'0', 'PYF', NULL, NULL, 209, 1, NULL),
(207, 'Departmental Collectivity of Mayotte', 'Mayotte', 1, '2017-06-21 07:54:36', 'N', b'0', 'MYT', NULL, NULL, 210, 1, NULL),
(208, 'Collectivity of Saint Barthelemy', 'Saint Barthelemy', 1, '2017-06-21 07:54:36', 'N', b'0', 'GLP', NULL, NULL, 211, 1, NULL),
(209, 'Collectivity of Saint Martin', 'Saint Martin', 1, '2017-06-21 07:54:36', 'N', b'0', 'GLP', NULL, NULL, 212, 1, NULL),
(210, 'Territorial Collectivity of Saint Pierre AND Miquelon', 'Saint Pierre AND Miquelon', 1, '2017-06-21 07:54:36', 'N', b'0', 'SPM', NULL, NULL, 213, 1, NULL),
(211, 'Collectivity of the Wallis AND Futuna Islands', 'Wallis AND Futuna', 1, '2017-06-21 07:54:36', 'N', b'0', 'WLF', NULL, NULL, 214, 1, NULL),
(212, 'Territory of the French Southern AND Antarctic Lands', 'French Southern AND Antarctic Lands', 1, '2017-06-21 07:54:36', 'N', b'0', 'ATF', NULL, NULL, 215, 1, NULL),
(213, NULL, 'Clipperton Island', 1, '2017-06-21 07:54:36', 'N', b'0', 'PYF', NULL, NULL, 216, 1, NULL),
(214, NULL, 'Bouvet Island', 1, '2017-06-21 07:54:36', 'N', b'0', 'BVT', NULL, NULL, 217, 1, NULL),
(215, NULL, 'Cook Islands', 1, '2017-06-21 07:54:36', 'N', b'0', 'COK', NULL, NULL, 218, 1, NULL),
(216, NULL, 'Niue', 1, '2017-06-21 07:54:37', 'N', b'0', 'NIU', NULL, NULL, 219, 1, NULL),
(217, NULL, 'Tokelau', 1, '2017-06-21 07:54:37', 'N', b'0', 'TKL', NULL, NULL, 220, 1, NULL),
(218, 'Bailiwick of Guernsey', 'Guernsey', 1, '2017-06-21 07:54:37', 'N', b'0', 'GGY', NULL, NULL, 221, 1, NULL),
(219, NULL, 'Isle of Man', 1, '2017-06-21 07:54:37', 'N', b'0', 'IMN', NULL, NULL, 222, 1, NULL),
(220, 'Bailiwick of Jersey', 'Jersey', 1, '2017-06-21 07:54:37', 'N', b'0', 'JEY', NULL, NULL, 223, 1, NULL),
(221, NULL, 'Anguilla', 1, '2017-06-21 07:54:37', 'N', b'0', 'AIA', NULL, NULL, 224, 1, NULL),
(222, NULL, 'Bermuda', 1, '2017-06-21 07:54:37', 'N', b'0', 'BMU', NULL, NULL, 225, 1, NULL),
(223, NULL, 'British Indian Ocean Territory', 1, '2017-06-21 07:54:37', 'N', b'0', 'IOT', NULL, NULL, 226, 1, NULL),
(224, NULL, 'British Sovereign Base Areas', 1, '2017-06-21 07:54:37', 'N', b'0', NULL, NULL, NULL, 227, 1, NULL),
(225, NULL, 'British Virgin Islands', 1, '2017-06-21 07:54:37', 'N', b'0', 'VGB', NULL, NULL, 228, 1, NULL),
(226, NULL, 'Cayman Islands', 1, '2017-06-21 07:54:37', 'N', b'0', 'CYM', NULL, NULL, 229, 1, NULL),
(227, NULL, 'Falkland Islands (Islas Malvinas)', 1, '2017-06-21 07:54:37', 'N', b'0', 'FLK', NULL, NULL, 230, 1, NULL),
(228, NULL, 'Gibraltar', 1, '2017-06-21 07:54:37', 'N', b'0', 'GIB', NULL, NULL, 231, 1, NULL),
(229, NULL, 'Montserrat', 1, '2017-06-21 07:54:37', 'N', b'0', 'MSR', NULL, NULL, 232, 1, NULL),
(230, NULL, 'Pitcairn Islands', 1, '2017-06-21 07:54:37', 'N', b'0', 'PCN', NULL, NULL, 233, 1, NULL),
(231, NULL, 'Saint Helena', 1, '2017-06-21 07:54:38', 'N', b'0', 'SHN', NULL, NULL, 234, 1, NULL),
(232, NULL, 'South Georgia & South Sandwich Islands', 1, '2017-06-21 07:54:38', 'N', b'0', 'SGS', NULL, NULL, 235, 1, NULL),
(233, NULL, 'Turks AND Caicos Islands', 1, '2017-06-21 07:54:38', 'N', b'0', 'TCA', NULL, NULL, 236, 1, NULL),
(234, 'Commonwealth of The Northern Mariana Islands', 'Northern Mariana Islands', 1, '2017-06-21 07:54:38', 'N', b'0', 'MNP', NULL, NULL, 237, 1, NULL),
(235, 'Commonwealth of Puerto Rico', 'Puerto Rico', 1, '2017-06-21 07:54:38', 'N', b'0', 'PRI', NULL, NULL, 238, 1, NULL),
(236, 'Territory of American Samoa', 'American Samoa', 1, '2017-06-21 07:54:38', 'N', b'0', 'ASM', NULL, NULL, 239, 1, NULL),
(237, NULL, 'Baker Island', 1, '2017-06-21 07:54:38', 'N', b'0', 'UMI', NULL, NULL, 240, 1, NULL),
(238, 'Territory of Guam', 'Guam', 1, '2017-06-21 07:54:38', 'N', b'0', 'GUM', NULL, NULL, 241, 1, NULL),
(239, NULL, 'Howland Island', 1, '2017-06-21 07:54:39', 'N', b'0', 'UMI', NULL, NULL, 242, 1, NULL),
(240, NULL, 'Jarvis Island', 1, '2017-06-21 07:54:39', 'N', b'0', 'UMI', NULL, NULL, 243, 1, NULL),
(241, NULL, 'Johnston Atoll', 1, '2017-06-21 07:54:39', 'N', b'0', 'UMI', NULL, NULL, 244, 1, NULL),
(242, NULL, 'Kingman Reef', 1, '2017-06-21 07:54:39', 'N', b'0', 'UMI', NULL, NULL, 245, 1, NULL),
(243, NULL, 'Midway Islands', 1, '2017-06-21 07:54:39', 'N', b'0', 'UMI', NULL, NULL, 246, 1, NULL),
(244, NULL, 'Navassa Island', 1, '2017-06-21 07:54:39', 'N', b'0', 'UMI', NULL, NULL, 247, 1, NULL),
(245, NULL, 'Palmyra Atoll', 1, '2017-06-21 07:54:39', 'N', b'0', 'UMI', NULL, NULL, 248, 1, NULL),
(246, 'United States Virgin Islands', 'U.S. Virgin Islands', 1, '2017-06-21 07:54:39', 'N', b'0', 'VIR', NULL, NULL, 249, 1, NULL),
(247, NULL, 'Wake Island', 1, '2017-06-21 07:54:39', 'N', b'0', 'UMI', NULL, NULL, 250, 1, NULL),
(248, 'Hong Kong Special Administrative Region', 'Hong Kong', 1, '2017-06-21 07:54:39', 'N', b'0', 'HKG', NULL, NULL, 251, 1, NULL),
(249, 'Macau Special Administrative Region', 'Macau', 1, '2017-06-21 07:54:39', 'N', b'0', 'MAC', NULL, NULL, 252, 1, NULL),
(250, NULL, 'Faroe Islands', 1, '2017-06-21 07:54:39', 'N', b'0', 'FRO', NULL, NULL, 253, 1, NULL),
(251, NULL, 'Greenland', 1, '2017-06-21 07:54:39', 'N', b'0', 'GRL', NULL, NULL, 254, 1, NULL),
(252, 'Overseas Region of Guiana', 'French Guiana', 1, '2017-06-21 07:54:39', 'N', b'0', 'GUF', NULL, NULL, 255, 1, NULL),
(253, 'Overseas Region of Guadeloupe', 'Guadeloupe', 1, '2017-06-21 07:54:40', 'N', b'0', 'GLP', NULL, NULL, 256, 1, NULL),
(254, 'Overseas Region of Martinique', 'Martinique', 1, '2017-06-21 07:54:40', 'N', b'0', 'MTQ', NULL, NULL, 257, 1, NULL),
(255, 'Overseas Region of Reunion', 'Reunion', 1, '2017-06-21 07:54:40', 'N', b'0', 'REU', NULL, NULL, 258, 1, NULL),
(256, NULL, 'Aland', 1, '2017-06-21 07:54:40', 'N', b'0', 'ALA', NULL, NULL, 259, 1, NULL),
(257, NULL, 'Aruba', 1, '2017-06-21 07:54:40', 'N', b'0', 'ABW', NULL, NULL, 260, 1, NULL),
(258, NULL, 'Netherlands Antilles', 1, '2017-06-21 07:54:40', 'N', b'0', 'ANT', NULL, NULL, 261, 1, NULL),
(259, NULL, 'Svalbard', 1, '2017-06-21 07:54:40', 'N', b'0', 'SJM', NULL, NULL, 262, 1, NULL),
(260, NULL, 'Ascension', 1, '2017-06-21 07:54:40', 'N', b'0', 'ASC', NULL, NULL, 263, 1, NULL),
(261, NULL, 'Tristan da Cunha', 1, '2017-06-21 07:54:40', 'N', b'0', 'TAA', NULL, NULL, 264, 1, NULL),
(262, NULL, 'Australian Antarctic Territory', 1, '2017-06-21 07:54:40', 'N', b'0', 'ATA', NULL, NULL, 269, 1, NULL),
(263, NULL, 'Ross Dependency', 1, '2017-06-21 07:54:40', 'N', b'0', 'ATA', NULL, NULL, 270, 1, NULL),
(264, NULL, 'Peter I Island', 1, '2017-06-21 07:54:40', 'N', b'0', 'ATA', NULL, NULL, 271, 1, NULL),
(265, NULL, 'Queen Maud Land', 1, '2017-06-21 07:54:41', 'N', b'0', 'ATA', NULL, NULL, 272, 1, NULL),
(266, NULL, 'British Antarctic Territory', 1, '2017-06-21 07:54:41', 'N', b'0', 'ATA', NULL, NULL, 273, 1, NULL);
INSERT INTO `DISCOUNT_TYPE` (`DISCOUNT_TYPE_CODE`, `CREATED_BY`, `CREATED_DATE`, `DEFAULT_FLAG`, `DELETE_FLAG`, `DISCOUNT_TYPE_DESCRIPTION`, `DISCOUNT_TYPE_NAME`, `LAST_UPDATED_BY`, `LAST_UPDATE_DATE`, `ORDER_SEQUENCE`, `VERSION_NUMBER`) VALUES
(1, 1, '2017-06-21 07:55:48', 'N', b'0', 'Percentage Discount', 'Percentage Discount', NULL, NULL, 1, 1),
(2, 1, '2017-06-21 07:55:48', 'Y', b'0', 'Absolute Discount', 'Absolute Discount', NULL, NULL, 2, 1);
INSERT INTO `EXPLANATION_STATUS` (`EXPLANATION_STATUS_CODE`, `CREATED_BY`, `CREATED_DATE`, `DEFAULT_FLAG`, `DELETE_FLAG`, `EXPLANATION_STATUS_DESCRIPTION`, `EXPLANATION_STATUS_NAME`, `LAST_UPDATED_BY`, `LAST_UPDATE_DATE`, `ORDER_SEQUENCE`, `VERSION_NUMBER`) VALUES
(1, 1, '2017-06-21 07:56:18', 'Y', b'0', 'Unexplained Transaction', 'UNEXPLAINED', NULL, NULL, 1, 1),
(2, 1, '2017-06-21 07:56:18', 'N', b'0', 'Explained Transaction', 'EXPLAINED', NULL, NULL, 2, 1),
(3, 1, '2017-06-21 07:56:18', 'N', b'0', 'Partially Explained Transaction', 'PARTIALLY-EXPLAINED', NULL, NULL, 3, 1);
INSERT INTO `INDUSTRY_TYPE` (`INDUSTRY_TYPE_CODE`, `CREATED_BY`, `CREATED_DATE`, `DEFAULT_FLAG`, `DELETE_FLAG`, `INDUSTRY_TYPE_DESCRIPTION`, `INDUSTRY_TYPE_NAME`, `LAST_UPDATED_BY`, `LAST_UPDATE_DATE`, `ORDER_SEQUENCE`, `VERSION_NUMBER`) VALUES
(1, 1, '2017-06-21 07:55:23', 'Y', b'0', 'IT Industry', 'ITI', NULL, NULL, 1, 1),
(2, 1, '2017-06-21 07:55:23', 'N', b'0', 'Telecome Industry', 'TLI', NULL, NULL, 2, 1);
INSERT INTO `LANGUAGE` (`LANGUAGE_CODE`, `CREATED_BY`, `CREATED_DATE`, `DEFAULT_FLAG`, `DELETE_FLAG`, `LANGUAGE_DESCRIPTION`, `LANGUAGE_NAME`, `LAST_UPDATED_BY`, `LAST_UPDATE_DATE`, `ORDER_SEQUENCE`, `VERSION_NUMBER`) VALUES
(1, 1, '2017-06-21 07:54:50', 'Y', b'0', 'English', 'ENG', NULL, NULL, 1, 1),
(2, 1, '2017-06-21 07:54:50', 'N', b'0', 'Arabic', 'ARB', NULL, NULL, 2, 1);
INSERT INTO `ROLE` (`ROLE_CODE`, `CREATED_BY`, `CREATED_DATE`, `DEFAULT_FLAG`, `DELETE_FLAG`, `LAST_UPDATED_BY`, `LAST_UPDATE_DATE`, `ORDER_SEQUENCE`, `ROLE_DESCRIPTION`, `ROLE_NAME`, `VERSION_NUMBER`) VALUES
(1, 1, '2017-06-21 07:55:01', 'N', b'0', NULL, NULL, 1, 'Administrator', 'Admin', 1),
(2, 1, '2017-06-21 07:55:01', 'N', b'0', NULL, NULL, 2, 'Director', 'Director', 1),
(3, 1, '2017-06-21 07:55:01', 'N', b'0', NULL, NULL, 3, 'Share Holder', 'Share Holder', 1),
(4, 1, '2017-06-21 07:55:01', 'N', b'0', NULL, NULL, 4, 'Manager', 'Manager', 1),
(5, 1, '2017-06-21 07:55:01', 'N', b'0', NULL, NULL, 5, 'Employee', 'Employee', 1),
(6, 1, '2017-06-21 07:55:01', 'N', b'0', NULL, NULL, 6, 'Accountant', 'Accountant', 1);
INSERT INTO `TITLE` (`TITLE_CODE`, `CREATED_BY`, `CREATED_DATE`, `DEFAULT_FLAG`, `DELETE_FLAG`, `LAST_UPDATED_BY`, `LAST_UPDATE_DATE`, `ORDER_SEQUENCE`, `TITLE_DESCRIPTION`, `TITLE_NAME`, `VERSION_NUMBER`) VALUES
(1, 1, '2017-06-21 07:55:36', 'N', b'0', NULL, NULL, 1, 'Mr.', 'MR', 1),
(2, 1, '2017-06-21 07:55:36', 'N', b'0', NULL, NULL, 2, 'Miss.', 'MISS', 1),
(3, 1, '2017-06-21 07:55:36', 'N', b'0', NULL, NULL, 3, 'Mrs.', 'MRS', 1);
INSERT INTO `TRANSACTION_TYPE` (`TRANSACTION_TYPE_CODE`, `LAST_UPDATE_DATE`, `CREATED_BY`, `CREATED_DATE`, `DEBIT_CREDIT_FLAG`, `DEFAULT_FLAG`, `DELETE_FLAG`, `LAST_UPDATED_BY`, `ORDER_SEQUENCE`, `TRANSACTION_TYPE_DESCRIPTION`, `TRANSACTION_TYPE_NAME`, `VERSION_NUMBER`, `PARENT_TRANSACTION_TYPE_CODE`) VALUES
(1, NULL, 1, '2017-06-21 07:55:12', 'C', 'N', b'0', NULL, 1, 'Money In', 'Money In', 1, NULL),
(2, NULL, 1, '2017-06-21 07:55:12', 'C', 'N', b'0', NULL, 2, 'Sales', 'Sales', 1, 1),
(3, NULL, 1, '2017-06-21 07:55:12', 'C', 'N', b'0', NULL, 3, 'Refund', 'Refund', 1, 1),
(4, NULL, 1, '2017-06-21 07:55:12', 'C', 'N', b'0', NULL, 4, 'Interest', 'Interest', 1, 1),
(5, NULL, 1, '2017-06-21 07:55:12', 'C', 'N', b'0', NULL, 5, 'Transfer From', 'Transfer From', 1, 1),
(6, NULL, 1, '2017-06-21 07:55:12', 'C', 'N', b'0', NULL, 6, 'Other Loans', 'Other Loans', 1, 1),
(7, NULL, 1, '2017-06-21 07:55:12', 'D', 'N', b'0', NULL, 7, 'Money Out', 'Money Out', 1, NULL),
(8, NULL, 1, '2017-06-21 07:55:12', 'D', 'N', b'0', NULL, 8, 'Expense', 'Expense', 1, 7),
(9, NULL, 1, '2017-06-21 07:55:12', 'D', 'N', b'0', NULL, 9, 'Salary', 'Salary', 1, 7),
(10, NULL, 1, '2017-06-21 07:55:12', 'D', 'N', b'0', NULL, 10, 'Sales Cost', 'Sales Cost', 1, 7),
(11, NULL, 1, '2017-06-21 07:55:12', 'D', 'N', b'0', NULL, 11, 'Transfer To', 'Transfer To', 1, 7);
INSERT INTO `TRANSACTION_CATEGORY` (`TRANSACTION_CATEGORY_CODE`, `CREATED_BY`, `CREATED_DATE`, `DEFAULT_FLAG`, `DELETE_FLAG`, `LAST_UPDATED_BY`, `LAST_UPDATE_DATE`, `ORDER_SEQUENCE`, `TRANSACTION_CATEGORY_DESCRIPTION`, `TRANSACTION_CATEGORY_NAME`, `VERSION_NUMBER`, `PARENT_TRANSACTION_CATEGORY_CODE`, `TRANSACTION_TYPE_CODE`) VALUES
(1, 1, '2017-10-12 10:09:44', 'N', b'0', 1, '2017-10-12 10:09:44', 1, 'Invoice Payment', 'Invoice Payment', 0, NULL, 2),
(2, 1, '2017-10-12 10:09:44', 'N', b'0', 1, '2017-10-12 10:09:44', 2, 'Advance Payment', 'Advance Payment', 0, NULL, 2),
(3, 1, '2017-10-12 10:09:44', 'N', b'0', 1, '2017-10-12 10:09:44', 3, 'Sales Refund', 'Sales Refund', 0, NULL, 3),
(4, 1, '2017-10-12 10:09:44', 'N', b'0', 1, '2017-10-12 10:09:44', 4, 'Expense Refund', 'Expense Refund', 0, NULL, 3),
(5, 1, '2017-10-12 10:09:44', 'N', b'0', 1, '2017-10-12 10:09:44', 5, 'Interest Earned', 'Interest Earned', 0, NULL, 4),
(6, 1, '2017-10-12 10:09:44', 'N', b'0', 1, '2017-10-12 10:09:44', 6, 'Transfer From Other Account', 'Transfer From Other Account', 0, NULL, 5),
(7, 1, '2017-10-12 10:09:44', 'N', b'0', 1, '2017-10-12 10:09:44', 7, 'Transfer From User', 'Transfer From User', 0, NULL, 5),
(8, 1, '2017-10-12 10:09:44', 'N', b'0', 1, '2017-10-12 10:09:44', 8, 'Loan From Third Party', 'Loan From Third Party', 0, NULL, 6),
(9, 1, '2017-10-12 10:09:44', 'N', b'0', 1, '2017-10-12 10:09:44', 9, 'Accountancy fees', 'Accountancy fees', 0, NULL, 8),
(10, 1, '2017-10-12 10:09:44', 'N', b'0', 1, '2017-10-12 10:09:44', 10, 'Advertising AND promotional costs', 'Advertising AND promotional costs', 0, NULL, 8),
(11, 1, '2017-10-12 10:09:44', 'N', b'0', 1, '2017-10-12 10:09:44', 11, 'Charitable donations', 'Charitable donations', 0, NULL, 8),
(12, 1, '2017-10-12 10:09:44', 'N', b'0', 1, '2017-10-12 10:09:44', 12, 'Computer software costs', 'Computer software costs', 0, NULL, 8),
(13, 1, '2017-10-12 10:09:44', 'N', b'0', 1, '2017-10-12 10:09:44', 13, 'Consumable items', 'Consumable items', 0, NULL, 8),
(14, 1, '2017-10-12 10:09:44', 'N', b'0', 1, '2017-10-12 10:09:44', 14, 'Finance charges', 'Finance charges', 0, NULL, 8),
(15, 1, '2017-10-12 10:09:44', 'N', b'0', 1, '2017-10-12 10:09:44', 15, 'Gain (loss) ON foreign CURRENCY transactions', 'Gain (loss) ON foreign CURRENCY transactions', 0, NULL, 8),
(16, 1, '2017-10-12 10:09:44', 'N', b'0', 1, '2017-10-12 10:09:44', 16, 'General consultancy fees', 'General consultancy fees', 0, NULL, 8),
(17, 1, '2017-10-12 10:09:44', 'N', b'0', 1, '2017-10-12 10:09:44', 17, 'General maintenance', 'General maintenance', 0, NULL, 8),
(18, 1, '2017-10-12 10:09:44', 'N', b'0', 1, '2017-10-12 10:09:44', 18, 'Hire AND leasing of other assets', 'Hire AND leasing of other assets', 0, NULL, 8),
(19, 1, '2017-10-12 10:09:44', 'N', b'0', 1, '2017-10-12 10:09:44', 19, 'Insurance', 'Insurance', 0, NULL, 8),
(20, 1, '2017-10-12 10:09:44', 'N', b'0', 1, '2017-10-12 10:09:44', 20, 'Interest Payable AND similar charges', 'Interest Payable AND similar charges', 0, NULL, 8),
(21, 1, '2017-10-12 10:09:44', 'N', b'0', 1, '2017-10-12 10:09:44', 21, 'IT AND computer consumables', 'IT AND computer consumables', 0, NULL, 8),
(22, 1, '2017-10-12 10:09:44', 'N', b'0', 1, '2017-10-12 10:09:44', 22, 'Late payment of tax (disallowable)', 'Late payment of tax (disallowable)', 0, NULL, 8),
(23, 1, '2017-10-12 10:09:44', 'N', b'0', 1, '2017-10-12 10:09:44', 23, 'Legal fees', 'Legal fees', 0, NULL, 8),
(24, 1, '2017-10-12 10:09:44', 'N', b'0', 1, '2017-10-12 10:09:44', 24, 'Other legal AND professional fees (disallowable)', 'Other legal AND professional fees (disallowable)', 0, NULL, 8),
(25, 1, '2017-10-12 10:09:44', 'N', b'0', 1, '2017-10-12 10:09:44', 25, 'Postage costs', 'Postage costs', 0, NULL, 8),
(26, 1, '2017-10-12 10:09:44', 'N', b'0', 1, '2017-10-12 10:09:44', 26, 'Printing costs', 'Printing costs', 0, NULL, 8),
(27, 1, '2017-10-12 10:09:44', 'N', b'0', 1, '2017-10-12 10:09:44', 27, 'Rent of premises', 'Rent of premises', 0, NULL, 8),
(28, 1, '2017-10-12 10:09:44', 'N', b'0', 1, '2017-10-12 10:09:44', 28, 'Staff entertaining', 'Staff entertaining', 0, NULL, 8),
(29, 1, '2017-10-12 10:09:44', 'N', b'0', 1, '2017-10-12 10:09:44', 29, 'Staff pensions, defined contribution schemesStaff training', 'Staff pensions, defined contribution schemesStaff training', 0, NULL, 8),
(30, 1, '2017-10-12 10:09:44', 'N', b'0', 1, '2017-10-12 10:09:44', 30, 'Staff training', 'Staff training', 0, NULL, 8),
(31, 1, '2017-10-12 10:09:44', 'N', b'0', 1, '2017-10-12 10:09:44', 31, 'Staff welfare', 'Staff welfare', 0, NULL, 8),
(32, 1, '2017-10-12 10:09:44', 'N', b'0', 1, '2017-10-12 10:09:44', 32, 'Stationery', 'Stationery', 0, NULL, 8),
(33, 1, '2017-10-12 10:09:44', 'N', b'0', 1, '2017-10-12 10:09:44', 33, 'Subscriptions to professional AND trade bodies', 'Subscriptions to professional AND trade bodies', 0, NULL, 8),
(34, 1, '2017-10-12 10:09:44', 'N', b'0', 1, '2017-10-12 10:09:44', 34, 'Sundry expenses', 'Sundry expenses', 0, NULL, 8),
(35, 1, '2017-10-12 10:09:44', 'N', b'0', 1, '2017-10-12 10:09:44', 35, 'Telecommunications costs', 'Telecommunications costs', 0, NULL, 8),
(36, 1, '2017-10-12 10:09:44', 'N', b'0', 1, '2017-10-12 10:09:44', 36, 'Travel AND subsistence expenses', 'Travel AND subsistence expenses', 0, NULL, 8),
(37, 1, '2017-10-12 10:09:44', 'N', b'0', 1, '2017-10-12 10:09:44', 37, 'Use of residence for business purposes', 'Use of residence for business purposes', 0, NULL, 8),
(38, 1, '2017-10-12 10:09:44', 'N', b'0', 1, '2017-10-12 10:09:44', 38, 'Vehicle running costs', 'Vehicle running costs', 0, NULL, 8),
(39, 1, '2017-10-12 10:09:44', 'N', b'0', 1, '2017-10-12 10:09:44', 39, 'Employee Salary', 'Employee Salary', 0, NULL, 9),
(40, 1, '2017-10-12 10:09:44', 'N', b'0', 1, '2017-10-12 10:09:44', 40, 'Commission Paid', 'Commission Paid', 0, NULL, 10),
(41, 1, '2017-10-12 10:09:44', 'N', b'0', 1, '2017-10-12 10:09:44', 41, 'Equipment Hire', 'Equipment Hire', 0, NULL, 10),
(42, 1, '2017-10-12 10:09:44', 'N', b'0', 1, '2017-10-12 10:09:44', 42, 'Subcontractor Costs', 'Subcontractor Costs', 0, NULL, 10),
(43, 1, '2017-10-12 10:09:44', 'N', b'0', 1, '2017-10-12 10:09:44', 43, 'Purchase', 'Purchase', 0, NULL, 10),
(44, 1, '2017-10-12 10:09:44', 'N', b'0', 1, '2017-10-12 10:09:44', 44, 'Transfer To Other Account ', 'Transfer To Other Account ', 0, NULL, 11),
(45, 1, '2017-10-12 10:09:44', 'N', b'0', 1, '2017-10-12 10:09:44', 45, 'Directors Capital', 'Directors Capital', 0, 7, 5),
(46, 1, '2017-10-12 10:09:44', 'N', b'0', 1, '2017-10-12 10:09:44', 46, 'Director Loan Payment', 'Director Loan Payment', 0, 7, 5),
(47, 1, '2017-10-12 10:09:44', 'N', b'0', 1, '2017-10-12 10:09:44', 47, 'Accountancy Fees', 'Accountancy Fees', 0, 9, 8),
(48, 1, '2017-10-12 10:09:44', 'N', b'0', 1, '2017-10-12 10:09:44', 48, 'Advertising AND Promotion', 'Advertising AND Promotion', 0, 10, 8),
(49, 1, '2017-10-12 10:09:44', 'N', b'0', 1, '2017-10-12 10:09:44', 49, 'Business Entertaining', 'Business Entertaining', 0, 10, 8),
(50, 1, '2017-10-12 10:09:44', 'N', b'0', 1, '2017-10-12 10:09:44', 50, 'Charitable Donations', 'Charitable Donations', 0, 11, 8),
(51, 1, '2017-10-12 10:09:44', 'N', b'0', 1, '2017-10-12 10:09:44', 51, 'Web Hosting', 'Web Hosting', 0, 12, 8),
(52, 1, '2017-10-12 10:09:44', 'N', b'0', 1, '2017-10-12 10:09:44', 52, 'Computer Software', 'Computer Software', 0, 12, 8),
(53, 1, '2017-10-12 10:09:44', 'N', b'0', 1, '2017-10-12 10:09:44', 53, 'Other Computer Costs', 'Other Computer Costs', 0, 12, 8),
(54, 1, '2017-10-12 10:09:44', 'N', b'0', 1, '2017-10-12 10:09:44', 54, 'Office Equipment', 'Office Equipment', 0, 13, 8),
(55, 1, '2017-10-12 10:09:44', 'N', b'0', 1, '2017-10-12 10:09:44', 55, 'Bank/Finance Charges', 'Bank/Finance Charges', 0, 14, 8),
(56, 1, '2017-10-12 10:09:44', 'N', b'0', 1, '2017-10-12 10:09:44', 56, 'Realized Currency Exchange Gain/Loss', 'Realized Currency Exchange Gain/Loss', 0, 15, 8),
(57, 1, '2017-10-12 10:09:44', 'N', b'0', 1, '2017-10-12 10:09:44', 57, 'Unrealized Currency Exchange Gain/Loss', 'Unrealized Currency Exchange Gain/Loss', 0, 15, 8),
(58, 1, '2017-10-12 10:09:44', 'N', b'0', 1, '2017-10-12 10:09:44', 58, 'Consultancy Fees', 'Consultancy Fees', 0, 16, 8),
(59, 1, '2017-10-12 10:09:44', 'N', b'0', 1, '2017-10-12 10:09:44', 59, 'Office Costs', 'Office Costs', 0, 17, 8),
(60, 1, '2017-10-12 10:09:44', 'N', b'0', 1, '2017-10-12 10:09:44', 60, 'Leasing Payments', 'Leasing Payments', 0, 18, 8),
(61, 1, '2017-10-12 10:09:44', 'N', b'0', 1, '2017-10-12 10:09:44', 61, 'Insurance', 'Insurance', 0, 19, 8),
(62, 1, '2017-10-12 10:09:44', 'N', b'0', 1, '2017-10-12 10:09:44', 62, 'Interest Payable', 'Interest Payable', 0, 20, 8),
(63, 1, '2017-10-12 10:09:44', 'N', b'0', 1, '2017-10-12 10:09:44', 63, 'Computer Hardware', 'Computer Hardware', 0, 21, 8),
(64, 1, '2017-10-12 10:09:44', 'N', b'0', 1, '2017-10-12 10:09:44', 64, 'VAT Penalty', 'VAT Penalty', 0, 22, 8),
(65, 1, '2017-10-12 10:09:44', 'N', b'0', 1, '2017-10-12 10:09:44', 65, 'Corporation Tax Penalty', 'Corporation Tax Penalty', 0, 22, 8),
(66, 1, '2017-10-12 10:09:44', 'N', b'0', 1, '2017-10-12 10:09:44', 66, 'PAYE/NI Penalty', 'PAYE/NI Penalty', 0, 22, 8),
(67, 1, '2017-10-12 10:09:44', 'N', b'0', 1, '2017-10-12 10:09:44', 67, 'Legal AND Professional Fees', 'Legal AND Professional Fees', 0, 23, 8),
(68, 1, '2017-10-12 10:09:44', 'N', b'0', 1, '2017-10-12 10:09:44', 68, 'Formation Costs', 'Formation Costs', 0, 24, 8),
(69, 1, '2017-10-12 10:09:44', 'N', b'0', 1, '2017-10-12 10:09:44', 69, 'Postage', 'Postage', 0, 25, 8),
(70, 1, '2017-10-12 10:09:44', 'N', b'0', 1, '2017-10-12 10:09:44', 70, 'Printing', 'Printing', 0, 26, 8),
(71, 1, '2017-10-12 10:09:44', 'N', b'0', 1, '2017-10-12 10:09:44', 71, 'Rent', 'Rent', 0, 27, 8),
(72, 1, '2017-10-12 10:09:44', 'N', b'0', 1, '2017-10-12 10:09:44', 72, 'Staff Entertaining', 'Staff Entertaining', 0, 28, 8),
(73, 1, '2017-10-12 10:09:44', 'N', b'0', 1, '2017-10-12 10:09:44', 73, 'Pension (Personal/Stakeholder)', 'Pension (Personal/Stakeholder)', 0, 29, 8),
(74, 1, '2017-10-12 10:09:44', 'N', b'0', 1, '2017-10-12 10:09:44', 74, 'Pension (Annuity)', 'Pension (Annuity)', 0, 29, 8),
(75, 1, '2017-10-12 10:09:44', 'N', b'0', 1, '2017-10-12 10:09:44', 75, 'Staff Training', 'Staff Training', 0, 30, 8),
(76, 1, '2017-10-12 10:09:44', 'N', b'0', 1, '2017-10-12 10:09:44', 76, 'Childcare Vouchers', 'Childcare Vouchers', 0, 31, 8),
(77, 1, '2017-10-12 10:09:44', 'N', b'0', 1, '2017-10-12 10:09:44', 77, 'Stationery', 'Stationery', 0, 32, 8),
(78, 1, '2017-10-12 10:09:44', 'N', b'0', 1, '2017-10-12 10:09:44', 78, 'Books AND Journals', 'Books AND Journals', 0, 32, 8),
(79, 1, '2017-10-12 10:09:44', 'N', b'0', 1, '2017-10-12 10:09:44', 79, 'Subscriptions', 'Subscriptions', 0, 33, 8),
(80, 1, '2017-10-12 10:09:44', 'N', b'0', 1, '2017-10-12 10:09:44', 80, 'Sundries', 'Sundries', 0, 34, 8),
(81, 1, '2017-10-12 10:09:44', 'N', b'0', 1, '2017-10-12 10:09:44', 81, 'Internet & Telephone', 'Internet & Telephone', 0, 35, 8),
(82, 1, '2017-10-12 10:09:44', 'N', b'0', 1, '2017-10-12 10:09:44', 82, 'Mobile Phone', 'Mobile Phone', 0, 35, 8),
(83, 1, '2017-10-12 10:09:44', 'N', b'0', 1, '2017-10-12 10:09:44', 83, 'Accommodation AND Meals', 'Accommodation AND Meals', 0, 36, 8),
(84, 1, '2017-10-12 10:09:44', 'N', b'0', 1, '2017-10-12 10:09:44', 84, 'Travel', 'Travel', 0, 36, 8),
(85, 1, '2017-10-12 10:09:44', 'N', b'0', 1, '2017-10-12 10:09:44', 85, 'Use Of Home', 'Use Of Home', 0, 37, 8),
(86, 1, '2017-10-12 10:09:44', 'N', b'0', 1, '2017-10-12 10:09:44', 86, 'Mileage', 'Mileage', 0, 38, 8),
(87, 1, '2017-10-12 10:09:44', 'N', b'0', 1, '2017-10-12 10:09:44', 87, 'Motor Expenses', 'Motor Expenses', 0, 38, 8),
(88, 1, '2017-10-12 10:09:44', 'N', b'0', 1, '2017-10-12 10:09:44', 88, 'Materials', 'Materials', 0, 43, 10),
(89, 1, '2017-10-12 10:09:44', 'N', b'0', 1, '2017-10-12 10:09:44', 89, 'Cost of Sales', 'Cost of Sales', 0, 43, 10);


-- --------------------------------------------------------

DROP TABLE IF EXISTS `TRANSACTIONVIEW`;

CREATE VIEW TRANSACTIONVIEW AS 
SELECT t.TRANSACTION_ID AS TRANSACTION_ID,t.CURRENT_BALANCE AS CURRENT_BALANCE,t.DEBIT_CREDIT_FLAG AS DEBIT_CREDIT_FLAG,t.ENTRY_TYPE AS ENTRY_TYPE,t.REFERENCE_ID AS REFERENCE_ID,t.REFERENCE_TYPE AS REFERENCE_TYPE,t.TRANSACTION_AMOUNT AS TRANSACTION_AMOUNT,t.TRANSACTION_DATE AS TRANSACTION_DATE,t.TRANSACTION_DESCRIPTION AS TRANSACTION_DESCRIPTION,t.BANK_ACCOUNT_ID AS BANK_ACCOUNT_ID,t.PARENT_TRANSACTION AS PARENT_TRANSACTION,
(SELECT tc.TRANSACTION_CATEGORY_NAME FROM TRANSACTION_CATEGORY tc WHERE tc.DELETE_FLAG = 0 AND t.EXPLAINED_TRANSACTION_CATEGORY_CODE = tc.TRANSACTION_CATEGORY_ID) AS TRANSACTION_CATEGORY_NAME,
(SELECT tt.TRANSACTION_TYPE_NAME FROM TRANSACTION_TYPE tt WHERE tt.DELETE_FLAG = 0 AND t.TRANSACTION_TYPE_CODE = tt.TRANSACTION_TYPE_CODE) AS TRANSACTION_TYPE_NAME,
(SELECT es.EXPLANATION_STATUS_CODE FROM EXPLANATION_STATUS es WHERE es.DELETE_FLAG = 0 AND t.EXPLANATION_STATUS_CODE = es.EXPLANATION_STATUS_CODE) AS EXPLANATION_STATUS_CODE,
(SELECT es.EXPLANATION_STATUS_NAME FROM EXPLANATION_STATUS es WHERE es.DELETE_FLAG = 0 AND t.EXPLANATION_STATUS_CODE = es.EXPLANATION_STATUS_CODE) AS EXPLANATION_STATUS_NAME,
(SELECT i.INVOICE_REFERENCE_NUMBER FROM INVOICE AS i WHERE i.DELETE_FLAG = 0 AND t.REFERENCE_ID = i.INVOICE_ID) AS REFERENCE_NAME,
(SELECT i.DUE_AMOUNT FROM INVOICE AS i WHERE i.DELETE_FLAG = 0 AND t.REFERENCE_ID = i.INVOICE_ID) AS DUE_AMOUNT,
(SELECT c.FIRST_NAME FROM INVOICE AS i JOIN CONTACT AS c ON c.CONTACT_ID=i.CONTACT_ID WHERE i.DELETE_FLAG = 0 AND t.REFERENCE_ID = i.INVOICE_ID) AS CONTACT_NAME,
(SELECT i.INVOICE_DUE_DATE FROM INVOICE AS i WHERE i.DELETE_FLAG = 0 AND t.REFERENCE_ID = i.INVOICE_ID) AS DUE_ON,
(SELECT cr.CURRENCY_SYMBOL FROM CURRENCY AS cr JOIN BANK_ACCOUNT AS ba ON ba.BANK_ACCOUNT_CURRENCY_CODE = cr.CURRENCY_CODE WHERE t.BANK_ACCOUNT_ID = ba.BANK_ACCOUNT_ID) AS CURRENCY_SYMBOL
FROM TRANSACTON t WHERE t.DELETE_FLAG = 0 AND t.REFERENCE_TYPE = 1
UNION
SELECT t.TRANSACTION_ID AS TRANSACTION_ID,t.CURRENT_BALANCE AS CURRENT_BALANCE,t.DEBIT_CREDIT_FLAG AS DEBIT_CREDIT_FLAG,t.ENTRY_TYPE AS ENTRY_TYPE,t.REFERENCE_ID AS REFERENCE_ID,t.REFERENCE_TYPE AS REFERENCE_TYPE,t.TRANSACTION_AMOUNT AS TRANSACTION_AMOUNT,t.TRANSACTION_DATE AS TRANSACTION_DATE,t.TRANSACTION_DESCRIPTION AS TRANSACTION_DESCRIPTION,t.BANK_ACCOUNT_ID AS BANK_ACCOUNT_ID,t.PARENT_TRANSACTION AS PARENT_TRANSACTION,
(SELECT tc.TRANSACTION_CATEGORY_NAME FROM TRANSACTION_CATEGORY tc WHERE tc.DELETE_FLAG = 0 AND t.EXPLAINED_TRANSACTION_CATEGORY_CODE = tc.TRANSACTION_CATEGORY_ID) AS TRANSACTION_CATEGORY_NAME,
(SELECT tt.TRANSACTION_TYPE_NAME FROM TRANSACTION_TYPE tt WHERE tt.DELETE_FLAG = 0 AND t.TRANSACTION_TYPE_CODE = tt.TRANSACTION_TYPE_CODE) AS TRANSACTION_TYPE_NAME,
(SELECT es.EXPLANATION_STATUS_CODE FROM EXPLANATION_STATUS es WHERE es.DELETE_FLAG = 0 AND t.EXPLANATION_STATUS_CODE = es.EXPLANATION_STATUS_CODE) AS EXPLANATION_STATUS_CODE,
(SELECT es.EXPLANATION_STATUS_NAME FROM EXPLANATION_STATUS es WHERE es.DELETE_FLAG = 0 AND t.EXPLANATION_STATUS_CODE = es.EXPLANATION_STATUS_CODE) AS EXPLANATION_STATUS_NAME,
(SELECT p.RECEIPT_NUMBER FROM PURCHASE AS p WHERE p.DELETE_FLAG = 0 AND t.REFERENCE_ID = p.PURCHASE_ID ) AS REFERENCE_NAME,
(SELECT p.PURCHASE_DUE_AMOUNT FROM PURCHASE AS p WHERE p.DELETE_FLAG = 0 AND t.REFERENCE_ID = p.PURCHASE_ID) AS DUE_AMOUNT,
(SELECT c.FIRST_NAME FROM PURCHASE AS p JOIN CONTACT AS c ON c.CONTACT_ID = p.CONTACT_ID WHERE p.DELETE_FLAG = 0 AND t.REFERENCE_ID = p.PURCHASE_ID) AS CONTACT_NAME,
(SELECT p.PURCHASE_DUE_DATE FROM PURCHASE AS p WHERE p.DELETE_FLAG = 0 AND t.REFERENCE_ID = p.PURCHASE_ID) AS DUE_ON,
(SELECT cr.CURRENCY_SYMBOL FROM CURRENCY AS cr JOIN BANK_ACCOUNT AS ba ON ba.BANK_ACCOUNT_CURRENCY_CODE = cr.CURRENCY_CODE WHERE t.BANK_ACCOUNT_ID = ba.BANK_ACCOUNT_ID) AS CURRENCY_SYMBOL
FROM TRANSACTON t WHERE t.DELETE_FLAG = 0 AND t.REFERENCE_TYPE = 2
UNION
SELECT t.TRANSACTION_ID AS TRANSACTION_ID,t.CURRENT_BALANCE AS CURRENT_BALANCE,t.DEBIT_CREDIT_FLAG AS DEBIT_CREDIT_FLAG,t.ENTRY_TYPE AS ENTRY_TYPE,t.REFERENCE_ID AS REFERENCE_ID,t.REFERENCE_TYPE AS REFERENCE_TYPE,t.TRANSACTION_AMOUNT AS TRANSACTION_AMOUNT,t.TRANSACTION_DATE AS TRANSACTION_DATE,t.TRANSACTION_DESCRIPTION AS TRANSACTION_DESCRIPTION,t.BANK_ACCOUNT_ID AS BANK_ACCOUNT_ID,t.PARENT_TRANSACTION AS PARENT_TRANSACTION,
(SELECT tc.TRANSACTION_CATEGORY_NAME FROM TRANSACTION_CATEGORY tc WHERE tc.DELETE_FLAG = 0 AND t.EXPLAINED_TRANSACTION_CATEGORY_CODE = tc.TRANSACTION_CATEGORY_ID) AS TRANSACTION_CATEGORY_NAME,
(SELECT tt.TRANSACTION_TYPE_NAME FROM TRANSACTION_TYPE tt WHERE tt.DELETE_FLAG = 0 AND t.TRANSACTION_TYPE_CODE = tt.TRANSACTION_TYPE_CODE) AS TRANSACTION_TYPE_NAME,
(SELECT es.EXPLANATION_STATUS_CODE FROM EXPLANATION_STATUS es WHERE es.DELETE_FLAG = 0 AND t.EXPLANATION_STATUS_CODE = es.EXPLANATION_STATUS_CODE) AS EXPLANATION_STATUS_CODE,
(SELECT es.EXPLANATION_STATUS_NAME FROM EXPLANATION_STATUS es WHERE es.DELETE_FLAG = 0 AND t.EXPLANATION_STATUS_CODE = es.EXPLANATION_STATUS_CODE) AS EXPLANATION_STATUS_NAME,
null,
null,
null,
null,
(SELECT cr.CURRENCY_SYMBOL FROM CURRENCY AS cr JOIN BANK_ACCOUNT AS ba ON ba.BANK_ACCOUNT_CURRENCY_CODE = cr.CURRENCY_CODE WHERE t.BANK_ACCOUNT_ID = ba.BANK_ACCOUNT_ID) AS CURRENCY_SYMBOL
FROM TRANSACTON t WHERE t.DELETE_FLAG = 0 AND t.TRANSACTION_ID NOT IN (SELECT t.TRANSACTION_ID FROM TRANSACTON t WHERE t.DELETE_FLAG = 0 AND t.REFERENCE_TYPE = 2) AND 
t.TRANSACTION_ID NOT IN (SELECT t.TRANSACTION_ID FROM TRANSACTON t WHERE t.DELETE_FLAG = 0 AND t.REFERENCE_TYPE = 1);

DROP TABLE IF EXISTS `CONTACTVIEW`;

CREATE VIEW CONTACTVIEW AS
SELECT c.CONTACT_ID ,c.CONTACT_TYPE,c.EMAIL,c.FIRST_NAME,c.MIDDLE_NAME,c.LAST_NAME,c.ORGANIZATION,
(SELECT cr.CURRENCY_SYMBOL AS CURRENCY_SYMBOL FROM CURRENCY cr WHERE c.CURRENCY_CODE = cr.CURRENCY_CODE) AS CURRENCY_SYMBOL,
(SELECT t.TITLE_DESCRIPTION AS NEXT_DUE_DATE FROM TITLE t WHERE c.TITLE_CODE = t.TITLE_CODE) AS TITLE,
c.TELEPHONE, 
(SELECT i.INVOICE_DUE_DATE AS NEXT_DUE_DATE FROM INVOICE AS i WHERE c.CONTACT_ID = i.CONTACT_ID AND i.DUE_AMOUNT != 0 ORDER BY i.INVOICE_DUE_DATE LIMIT 0,1) AS NEXT_DUE_DATE ,
(SELECT i.DUE_AMOUNT AS DUE_AMOUNT FROM INVOICE AS i WHERE c.CONTACT_ID = i.CONTACT_ID AND i.DUE_AMOUNT != 0 ORDER BY i.INVOICE_DUE_DATE LIMIT 0,1) AS DUE_AMOUNT 
FROM CONTACT AS c WHERE c.CONTACT_TYPE = 2 AND c.DELETE_FLAG !=1
UNION
SELECT c.CONTACT_ID ,c.CONTACT_TYPE,c.EMAIL,c.FIRST_NAME,c.MIDDLE_NAME,c.LAST_NAME,c.ORGANIZATION,
(SELECT cr.CURRENCY_SYMBOL AS CURRENCY_SYMBOL FROM CURRENCY cr WHERE c.CURRENCY_CODE = cr.CURRENCY_CODE) AS CURRENCY_SYMBOL,
(SELECT t.TITLE_DESCRIPTION AS NEXT_DUE_DATE FROM TITLE t WHERE c.TITLE_CODE = t.TITLE_CODE) AS TITLE,
c.TELEPHONE, 
(SELECT p.PURCHASE_DUE_DATE AS NEXT_DUE_DATE FROM PURCHASE AS p WHERE c.CONTACT_ID = p.CONTACT_ID AND p.PURCHASE_DUE_AMOUNT != 0 ORDER BY p.PURCHASE_DUE_DATE LIMIT 0,1) AS NEXT_DUE_DATE ,
(SELECT p.PURCHASE_DUE_AMOUNT AS DUE_AMOUNT FROM PURCHASE AS p WHERE c.CONTACT_ID = p.CONTACT_ID AND p.PURCHASE_DUE_AMOUNT != 0 ORDER BY p.PURCHASE_DUE_DATE LIMIT 0,1) AS DUE_AMOUNT 
FROM CONTACT AS c WHERE c.CONTACT_TYPE = 1 AND c.DELETE_FLAG !=1
UNION
SELECT c.CONTACT_ID ,c.CONTACT_TYPE,c.EMAIL,c.FIRST_NAME,c.MIDDLE_NAME,c.LAST_NAME,c.ORGANIZATION,
(SELECT cr.CURRENCY_SYMBOL AS CURRENCY_SYMBOL FROM CURRENCY cr WHERE c.CURRENCY_CODE = cr.CURRENCY_CODE) AS CURRENCY_SYMBOL,
(SELECT t.TITLE_DESCRIPTION AS NEXT_DUE_DATE FROM TITLE t WHERE c.TITLE_CODE = t.TITLE_CODE) AS TITLE,
c.TELEPHONE,null,null 
FROM CONTACT AS c WHERE c.CONTACT_TYPE = 3 AND c.DELETE_FLAG !=1
UNION
SELECT c.CONTACT_ID,c.CONTACT_TYPE,c.EMAIL,c.FIRST_NAME,c.MIDDLE_NAME,c.LAST_NAME,c.ORGANIZATION,
(SELECT cr.CURRENCY_SYMBOL AS CURRENCY_SYMBOL FROM CURRENCY cr WHERE c.CURRENCY_CODE = cr.CURRENCY_CODE) AS CURRENCY_SYMBOL,
(SELECT t.TITLE_DESCRIPTION AS NEXT_DUE_DATE FROM TITLE t WHERE c.TITLE_CODE = t.TITLE_CODE) AS TITLE,
c.TELEPHONE,null,null FROM CONTACT AS c WHERE c.CONTACT_ID NOT IN 
(SELECT 
(SELECT c.CONTACT_ID AS NEXT_DUE_DATE FROM INVOICE AS i WHERE c.CONTACT_ID = i.CONTACT_ID AND i.DUE_AMOUNT != 0 ORDER BY i.INVOICE_DUE_DATE LIMIT 0,1) AS CONTACT_ID
FROM CONTACT AS c WHERE c.CONTACT_TYPE = 2 AND c.DELETE_FLAG !=1 ) 
AND c.CONTACT_ID NOT IN 
(SELECT 
(SELECT p.CONTACT_ID AS NEXT_DUE_DATE FROM PURCHASE AS p WHERE c.CONTACT_ID = p.CONTACT_ID AND p.PURCHASE_DUE_AMOUNT != 0 ORDER BY p.PURCHASE_DUE_DATE LIMIT 0,1) AS CONTACT_ID 
FROM CONTACT AS c WHERE c.CONTACT_TYPE = 1 AND c.DELETE_FLAG !=1)
AND c.CONTACT_ID NOT IN 
(SELECT c.CONTACT_ID FROM CONTACT AS c WHERE c.CONTACT_TYPE = 3 AND c.DELETE_FLAG !=1) AND c.DELETE_FLAG !=1;

INSERT INTO PATCH(EXECUTION_DATE,PATCH_NO) VALUES(NOW(),'12122017');